brand_id;brand_name
5354727;1C
5354728;1С
5354729;20-TH CENTURY FOX
5354730;2ЖИРАФА
5354731;3COM
5354732;3LAGOSTINA
5354733;3M
5354734;3Q
5354735;3СOM
5354736;4TECH
5354737;4U
5354738;4WORLD
5354739;A & D COMPANY LTD
5354740;A&D
5354741;A-DATA
5354742;A-QUIP
5354743;A4 TECH
5354744;A4TECH
5354745;ABBYY
5354746;ACCLAIM
5354747;ACER
5354748;ACME
5354749;ACORP
5354750;ACOUSTIC ENERGY
5354751;ACRONIS
5354752;ACROPOLIS
5354753;ACSESUAR_HITECHNIC
5354754;ACTIVISION
5354755;AD
5354756;ADCOM
5354757;ADR
5354758;ADRENALIN
5354759;ADS
5354760;ADVENT
5354761;AEG
5354762;AEG-ELECTROLUX
5354763;AELITE
5354764;AFOTEX
5354765;AGFA
5354766;AGNITUM
5354767;AGVA
5354768;AIR-O-SWISS
5354769;AIRA
5354770;AIRMAX 2000
5354771;AIRWICK
5354772;AIWA
5354773;AKAI
5354774;AKELLA
5354775;AKG
5354776;AKIRA
5354777;AKMA
5354778;ALADDIN
5354779;ALAN
5354780;ALBATRON
5354781;ALCATEL
5354782;ALCOSCAN
5354783;ALDA
5354784;ALEKS
5354785;ALITY
5354786;ALKOTEL
5354787;ALLIGATOR
5354788;ALPARI
5354789;ALPINE
5354790;ALSER
5354791;ALTEC
5354792;ALWISE
5354793;AM DENMARK
5354794;AMERICAN MONSTER
5354795;AMF
5354796;AMI
5354797;AMICA
5354798;AMINO
5354799;AMSTAR
5354800;ANCHOR
5354801;ANGEL
5354802;ANGELIQUE
5354803;ANNA
5354804;ANNEX GROUP
5354805;ANSMANN
5354806;ANUBIS
5354807;ANY DATA
5354808;ANYDATA
5354809;AOPEN
5354810;AOS
5354811;APACER
5354812;APC
5354813;APOLLO
5354814;APOLLO PHONE
5354815;APPLE
5354816;APS
5354817;AQH
5354818;AQUAFOR
5354819;AR
5354820;ARC
5354821;ARCHOS
5354822;ARCITEC
5354823;ARCOS
5354824;ARCUISINE
5354825;ARDO
5354826;ARIA
5354827;ARIEL
5354828;ARIETE
5354829;ARISTON
5354830;ARISTON, INDESIT
5354831;AROWANA
5354832;ARVIN
5354833;ASKO
5354834;ASSISTANT
5354835;ASTONISH
5354836;ASTRA
5354837;ASUS
5354838;ASW
5354839;ATACAMA
5354840;ATAKA
5354841;ATARI
5354842;ATI
5354843;ATLANT
5354844;ATLANTA
5354845;ATLANTIC
5354846;ATLANTIS
5354847;ATMOR
5354848;ATT
5354849;ATTALUS
5354850;AUDIO PHYSIC
5354851;AUDIO PRO
5354852;AUDIOBAHN
5354853;AURORA
5354854;AUTO PERFUME
5354855;AUTOFUN
5354856;AV SERVICE
5354857;AVB
5354858;AVEC
5354859;AVENT
5354860;AVERMEDIA
5354861;AVERY
5354862;AVEST
5354863;AVIATOR
5354864;AXESS
5354865;AZIMUT
5354866;AZONA
5354867;B&D
5354868;B&W
5354869;BABEL
5354870;BABY LOCK
5354871;BABYLISS
5354872;BAD B. INTERNATION
5354873;BAIGYSH
5354874;BALLARINI
5354875;BALLU
5354876;BAMIX
5354877;BANDRIDGE
5354878;BANK
5354879;BARKAN
5354880;BARVA
5354881;BASF
5354882;BAUKNECHT
5354883;BBB
5354884;BBK
5354885;BEELINE
5354886;BEKO
5354887;BELKIN
5354888;BELL'O
5354889;BELLA
5354890;BELLO
5354891;BELSIS
5354892;BENCKISER
5354893;BENEFON
5354894;BENQ
5354895;BENQ-SIEMENS
5354896;BERLIOZ
5354897;BERNDES
5354898;BERNINA
5354899;BERUS
5354900;BESPECO
5354901;BEST
5354902;BEURER
5354903;BEVEL-EDGE
5354904;BIALETTI
5354905;BIERHOF
5354906;BIFINETT
5354907;BIGBEN INTERACTIVE
5354908;BIMATEK
5354909;BIMSERVICE
5354910;BINATONE
5354911;BISSELL
5354912;BITDEFENDER
5354913;BITRONIC
5354914;BLACK & DECKER
5354915;BLACK & DECKER GMB
5354916;BLACK HAWK
5354917;BLACK HORNS
5354918;BLACKBOXX
5354919;BLACKSTER
5354920;BLAUPUNKT
5354921;BLAUREN
5354922;BLIZZARD
5354923;BLOMBERG
5354924;BLOSSOM
5354925;BLUESKY
5354926;BLUESPOON
5354927;BLUSKY
5354928;BOHMANN
5354929;BOLIDON
5354930;BONE
5354931;BONE CRUSHER
5354932;BONECO
5354933;BONITO
5354934;BOOKEEN
5354935;BORK
5354936;BORSAN
5354937;BORT
5354938;BOSCH
5354939;BOSE
5354940;BOSONIC
5354941;BOSTON ACOUSTICS
5354942;BRANDT
5354943;BRATECK
5354944;BRAUN
5354945;BRAVIS
5354946;BRAVO
5354947;BREEZE
5354948;BRENNENSTUHL
5354949;BRIDGE
5354950;BRILLIANT
5354951;BRITA
5354952;BROAN
5354953;BROTHER
5354954;BRUNO
5354955;BRYSTON
5354956;BTC
5354957;BUBBLE ICE
5354958;BUENA VISTA
5354959;BUKA
5354960;BUKA ENTERTAINMENT
5354961;BUREAUCRAT
5354962;BURO
5354963;BURSTENMANN
5354964;BURTI
5354965;BVG
5354966;"C&QUOT;S GLORY"
5354967;C'S GLORY
5354968;C.E.O.
5354969;CADENCE
5354970;CALCELL
5354971;CALGON
5354972;CAMBRIDGE
5354973;CAMELION
5354974;CAMERON
5354975;CAMPINGAZ
5354976;CANDY
5354977;CANON
5354978;CANTON
5354979;CANYON
5354980;CAPCOM
5354981;CARIBI
5354982;CARINO
5354983;CARNITURA
5354984;CARPLAN
5354985;CASE LOGIC
5354986;CASIO
5354987;CASTLE
5354988;CATA
5354989;CAVEI
5354990;CD LAND
5354991;CD LEND
5354992;CD-MARKET
5354993;CDCOM
5354994;CELERON
5354995;CELESTION
5354996;CELESTRON
5354997;CELLECT
5354998;CELLULAR LINE
5354999;CENOMAX
5355000;CENTEL
5355001;CENTRONICS
5355002;CERATEC
5355003;CERRY
5355004;CERWIN-VEGA
5355005;CHAMELEON
5355006;CHANGHONG
5355007;CHEETAH
5355008;CHERRY
5355009;CHICONI
5355010;CHICONY
5355011;CHRONOS
5355012;CHUCHU
5355013;CILLIT BANG
5355014;CILLIT BRILLIANT
5355015;CINEMA TRADE
5355016;CINEPRO
5355017;CISCO
5355018;CITIZEN
5355019;CLARION
5355020;CLASSIC COMPANY
5355021;CLATRONIC
5355022;CLEAN POINT
5355023;CLEARLINE
5355024;CLIFFORD
5355025;CLIO
5355026;CLOER
5355027;CMOTECH
5355028;COBRA
5355029;CODEGEN
5355030;CODEMASTERS
5355031;COLDMASTER
5355032;COLOR
5355033;COLORVISION
5355034;COLORWAY
5355035;COLUMBIA
5355036;COM EXP
5355037;COMAT
5355038;COMIND
5355039;COMO
5355040;COMPAQ
5355041;COMPEX
5355042;COMPRO
5355043;COMPUTER EXPRESSIONS
5355044;CONRAC
5355045;CONTINENT
5355046;COOLER MASTER
5355047;COOLFORT
5355048;COREL
5355049;CORNING
5355050;CORONET
5355051;CORSAIR
5355052;CORTLAND
5355053;COSONIC
5355054;CP DIGITAL
5355055;CP ДИДЖИТАЛ
5355056;CRAFTMANN
5355057;CRATE
5355058;CREATIVE
5355059;CRISTALL-FIX
5355060;CROWN
5355061;CRUISER
5355062;CRUMPLER
5355063;CTX
5355064;CURVER
5355065;CYBERPOWER
5355066;CYBERSNIPA
5355067;CYCLONE
5355068;CYFRAL
5355069;D-LINK
5355070;DA LITE
5355071;DAEWOO
5355072;DAIKIN
5355073;DALI
5355074;DANTEX
5355075;DARINA
5355076;DATA COPY
5355077;DATEX
5355078;DAXX
5355079;DAYMOON
5355080;DAYTEK
5355081;DBF CREATIVE
5355082;DE LUXE
5355083;DEEPCOOL
5355084;DEFENDER
5355085;DEFORT
5355086;DEJA
5355087;DEKOK
5355088;DELFICS
5355089;DELL
5355090;DELL ARABICA
5355091;DELONGHI
5355092;DELRIN WEDGIE
5355093;DELSEY
5355094;DELTA
5355095;DELTA METAL
5355096;DELUX
5355097;DELUXE
5355098;DENN
5355099;DENON
5355100;DEPO
5355101;DESANY
5355102;DEWALT
5355103;DEX
5355104;DIALEKTIKA
5355105;DIALOG
5355106;DIALON
5355107;DIAMOND
5355108;DICOM
5355109;DICOTA
5355110;DIESEL
5355111;DIETZ
5355112;DIGITAL
5355113;DIGITEX
5355114;DIGITUS
5355115;DIGMA
5355116;DIMANCHE
5355117;DIMPLEX
5355118;DINAMIK
5355119;DINON
5355120;DISCGEAR
5355121;DISNEY
5355122;DJUICE
5355123;DLS
5355124;DOGRULAR
5355125;DOMAL
5355126;DOMOTEC
5355127;DONGLE
5355128;DORI
5355129;DOSIA
5355130;DR OETKER
5355131;DR WEB
5355132;DR.KERN
5355133;DR.KRAFT
5355134;DR.WEB
5355135;DRAGONFLY
5355136;DRAGSTER
5355137;DRAPER
5355138;DRAPER LUMA
5355139;DREAM VISION
5355140;DREFT
5355141;DSA
5355142;DUNA
5355143;DUPONT
5355144;DURABLE
5355145;DURACELL
5355146;DURACRAFT
5355147;DVD GRUPP
5355148;DYNE
5355149;DYSON
5355150;D`ADDARIO
5355151;E
5355152;E-TEN
5355153;EA
5355154;EA2
5355155;EASY ENERGY
5355156;ECO STYLE
5355157;ECOLUX
5355158;ECOSOFT
5355159;ECP
5355160;ED HARDY
5355161;EDIFIER
5355162;EDIMAX
5355163;EIDOS
5355164;EINHELL
5355165;EKSMO
5355166;ELAC
5355167;ELAN
5355168;ELCO
5355169;ELCOM
5355170;ELDORADO
5355171;ELECOM
5355172;ELECTRA
5355173;ELECTROLUX
5355174;ELECTRON
5355175;ELECTRONIC ARTS
5355176;ELENBERG
5355177;ELICA
5355178;ELIKOR
5355179;ELITE
5355180;ELIXIR
5355181;ELNA
5355182;ELSET
5355183;ELTAX
5355184;ELTRON
5355185;EMACHINES
5355186;EMAFYL
5355187;EMI
5355188;EMI DVD
5355189;EMPIRE
5355190;EMTEC
5355191;ENERGIA
5355192;ENERGIZER
5355193;ENERGOLUX
5355194;EPOS
5355195;EPSON
5355196;ERA
5355197;ERARD
5355198;ERC
5355199;ERGO
5355200;ERGOSTATION
5355201;ERICSSON
5355202;ERISSON
5355203;ESET
5355204;ESPO
5355205;ESPRESSO COFFEE
5355206;ESSE
5355207;ETA
5355208;ETALON
5355209;ETO
5355210;EURO-LINE
5355211;EURO-PLUS
5355212;EUROCOOL
5355213;EURODATA
5355214;EUROFON
5355215;EUROGOLD
5355216;EUROLINE
5355217;EUROTEX
5355218;EVEREADY
5355219;EVEREST
5355220;EVERGREEN
5355221;EVG
5355222;EVROMEDIA
5355223;EWT
5355224;EXACUT
5355225;EXCEL
5355226;EXCILON
5355227;EXCIMER
5355228;EXPLAY
5355229;EXQVISIT
5355230;EXTELLSIM
5355231;EZCHOICE
5355232;EZETIL
5355233;FABER
5355234;FABRIANO
5355235;FACK
5355236;FACKELMANN
5355237;FAIRY
5355238;FALCON
5355239;FALCON EYE
5355240;FANTASY
5355241;FARENHEIT
5355242;FAVORIT
5355243;FB
5355244;FEED BACK
5355245;FELLOWES
5355246;FERANT
5355247;FERROLI
5355248;FILKO
5355249;FINAL AUDIO
5355250;FINISH
5355251;FISHER-PRICE
5355252;FISKARS
5355253;FLAGMAN-TRADE
5355254;FLAMINGO
5355255;FLAVIA
5355256;FLIGHT
5355257;FLY
5355258;FLY LADY
5355259;FLYINGHORSE
5355260;FONTIGNAC
5355261;FORMOZA
5355262;FORTUNA
5355263;FOUQUET
5355264;FRAU SCHMIDT
5355265;FRIGO
5355266;FRISCH AKTIV
5355267;FRUT
5355268;FRYBEST
5355269;FTEG
5355270;FUJI
5355271;FUJI SUPERIA
5355272;FUJIFILM
5355273;FUJITSU
5355274;FUJITSU SIEMENS
5355275;FULLMARK
5355276;FUNAI
5355277;FUSION
5355278;G-STAR
5355279;GAGGENAU
5355280;GAGGIA
5355281;GAL
5355282;GALANTE
5355283;GALAXY
5355284;GAMA
5355285;GAMLET
5355286;GARANTERM
5355287;GARMIN
5355288;GASTROBACK
5355289;GE
5355290;GECKO
5355291;GEFEST
5355292;GEIZER
5355293;GEMPLUS
5355294;GENERAL
5355295;GENERAL CLIMATE
5355296;GENERAL FROST
5355297;GENERAL SATELLITE
5355298;GENIUS
5355299;GHITINI
5355300;GHS
5355301;GIARETTI
5355302;GIGA-BYTE
5355303;GIGASET
5355304;GILLETTE
5355305;GIMI
5355306;GIOS
5355307;GIOTTOS
5355308;GLACIATECH
5355309;GLASS - STORE
5355310;GLASSER
5355311;GLOBAL SIM
5355312;GLOBO
5355313;GLOBOL
5355314;GLOFIISH
5355315;GMINI
5355316;GOLD STAR
5355317;GOLDBUCH
5355318;GOLDEN POWER
5355319;GOLDEN WIFI
5355320;GOLLA
5355321;GONDOL
5355322;GOODWIN EUROPA
5355323;GOOOD
5355324;GORENJE
5355325;GP
5355326;GRAND
5355327;GRAND RECORDS
5355328;GRAND-X
5355329;GRAY
5355330;GREEN PAN
5355331;GREENTEK
5355332;GRETA
5355333;GRIFFIN
5355334;GROL
5355335;GRUNDIG
5355336;GRUNDIG PLANATRON
5355337;GSM
5355338;GSMART
5355339;GUNSAN
5355340;GVC
5355341;H2O
5355342;HAIER
5355343;HAIER GROUP
5355344;HAILO
5355345;HAMA
5355346;HAMILEX
5355347;HANDER
5355348;HANDY STITCH
5355349;HANS&GRETCHEN
5355350;HANSA
5355351;HANSPRING
5355352;HANTAREX
5355353;HARMA
5355354;HARMAN KARDON
5355355;HARMAN-KARDON
5355356;HAUSMANN
5355357;HAWKING
5355358;HEATEQ
5355359;HECO
5355360;HEIDRUN
5355361;HEINEKEN
5355362;HELFER
5355363;HELIOS
5355364;HELIX
5355365;HENZO
5355366;HERBALIS
5355367;HERTZ
5355368;HEXBUG
5355369;HIGHLAND AUDIO
5355370;HIGHSCREEN
5355371;HILTON
5355372;HISENSE
5355373;HITACHI
5355374;HITECHNIC
5355375;HOFMANN
5355376;HOHNER
5355377;HOLDER
5355378;HOLSTER
5355379;HOLUX
5355380;HOMECAST
5355381;HOMEFRIEND
5355382;HONEYWELL
5355383;HOOVER
5355384;HORIZONT
5355385;HOT POT
5355386;HOTPOINT/ARISTON
5355387;HOTTER
5355388;HP
5355389;HTC
5355390;HUAWEI
5355391;HUBERTUS
5355392;HUMAX
5355393;HUSQVARNA
5355394;HW
5355395;HYUN WON
5355396;HYUNDAI
5355397;I-BEAD
5355398;I-MATE
5355399;IAUDIO
5355400;IAXESS
5355401;IBM
5355402;IBOX
5355403;IC
5355404;ICA MUSIC
5355405;ICA MUSIC DVD
5355406;ICAR
5355407;ICONBIT
5355408;IFROGZ
5355409;IGC
5355410;IGLOO
5355411;IGO
5355412;IIYAMA
5355413;ILUV
5355414;IMAGE ART
5355415;IMAGE GRAPH
5355416;IMATION
5355417;IMETEC
5355418;IMPRESSION
5355419;IN SINK ERATOR
5355420;INCASE
5355421;INCTEK
5355422;INDESIT
5355423;INDIGO
5355424;INFINITY
5355425;INFOCUS
5355426;INFOLIGHT
5355427;INFOTECS
5355428;INSMAT
5355429;INSPECTOR
5355430;INSTALL-TECH
5355431;INSTAPURE
5355432;INTEGRAL
5355433;INTEL
5355434;INTENS0
5355435;INTER DESIGN
5355436;INTER-STEP
5355437;INTERSKOL
5355438;INVISIO
5355439;IOMEGA
5355440;IPPON
5355441;IQ
5355442;IQUA
5355443;IRBIS
5355444;IRIT
5355445;IRIVER
5355446;IRU
5355447;IS
5355448;ISKIN
5355449;ITE MEDIA
5355450;ITEC
5355451;ITOSS
5355452;ITOY
5355453;IVOLGA
5355454;IXTONE
5355455;IZZY POWER
5355456;JABRA
5355457;JAGUAR
5355458;JAMO
5355459;JANOME
5355460;JASMINE
5355461;JAZZ HIPSTER
5355462;JBL
5355463;JEANS
5355464;JEEP
5355465;JET
5355466;JET TEC
5355467;JET!
5355468;JET.A
5355469;JETBALANCE
5355470;JH
5355471;JIIL
5355472;JIMI
5355473;JIVO
5355474;JJ-CONNECT
5355475;JMLAB
5355476;JOHNSON&JOHNSON
5355477;JONLITE
5355478;JPW
5355479;JUKI
5355480;JURA
5355481;JUST-RACKS
5355482;JVC
5355483;K&M
5355484;K-SYSTEMS
5355485;KAISER
5355486;KALITVA
5355487;KAMELEON
5355488;KARAPUZ
5355489;KARCHER
5355490;KARMEN VIDEO
5355491;KASPERSKY
5355492;KATA
5355493;KATO
5355494;KEF
5355495;KENSINGTON
5355496;KENTATSU
5355497;KENWOOD
5355498;KETER
5355499;KGB
5355500;KICX
5355501;KIMBO
5355502;KING COMPANY
5355503;KINGSTON
5355504;KINZO
5355505;KISS
5355506;KLIPSCH
5355507;KODA
5355508;KODAK
5355509;KODOTEL
5355510;KOEI
5355511;KOH-I-NOOR
5355512;KOMP
5355513;KONAMI
5355514;KONICA
5355515;KONICAMINOLTA
5355516;KONIKA
5355517;KONKA
5355518;KONOOS
5355519;KORONA
5355520;KORSA
5355521;KOSS
5355522;KOVEA
5355523;KRAFTOOL
5355524;KRAFTWAY
5355525;KRAMER
5355526;KROFT
5355527;KRONA
5355528;KRUPS
5355529;KRUSELL
5355530;KRUSSEL
5355531;KS
5355532;KULINAR
5355533;KUSTOM
5355534;KVAZAR-MICRO
5355535;KWORLD
5355536;KYM LUX
5355537;KYOCERA
5355538;LA BELLA
5355539;LABTEC
5355540;LACIE
5355541;LACONA
5355542;LADA
5355543;LAGODA
5355544;LAGOSTINA
5355545;LAMARQUE
5355546;LANDER
5355547;LANDY STAR
5355548;LANGUAGE TEACHER
5355549;LANZAR
5355550;LARETTI
5355551;LASER LINE
5355552;LAUTSENN
5355553;LAVA VISION
5355554;LAVAZZA
5355555;LAVOR PRO
5355556;LBOOK
5355557;LC
5355558;LEADER
5355559;LEIFHEIT
5355560;LENOR
5355561;LENOVO
5355562;LENSPEN
5355563;LEX
5355564;LEXAND
5355565;LEXAR
5355566;LEXMARK
5355567;LG
5355568;LIBERTON
5355569;LIEBHERR
5355570;LIFE
5355571;LIGHTING AUDIO
5355572;LINK BITS
5355573;LITE-ON
5355574;LIVAL
5355575;LIZARD
5355576;LKT
5355577;LOCK&LOCK
5355578;LOEWE
5355579;LOGIC3
5355580;LOGITECH
5355581;LOMOND
5355582;LONDON
5355583;LOUMAN
5355584;LOWEPRO
5355585;LUARDI
5355586;LUMENE
5355587;LUMENFLON
5355588;LUMINARC
5355589;LUXUS
5355590;MAC AUDIO
5355591;MACALLY
5355592;MAESTRO
5355593;MAG
5355594;MAGIMIX
5355595;MAGIX
5355596;MAGNAT
5355597;MAGNAVOX
5355598;MAKEL
5355599;MAKITA
5355600;MANCHO
5355601;MANDRIVA
5355602;MANFROTTO
5355603;MANHATTAN
5355604;MARANTZ
5355605;MARQUANT
5355606;MARSHALL
5355607;MART
5355608;MASSIVE
5355609;MASTER-TAPE
5355610;MATRIX
5355611;MATSUI
5355612;MAXELL
5355613;MAXIMUM
5355614;MAXWELL
5355615;MAXXTRO
5355616;MB QUART
5355617;MCA
5355618;MD
5355619;MEDIA
5355620;MEDIAHOUSE
5355621;MEDIANA
5355622;MEDION
5355623;MEDISANA
5355624;MEELOPHONE
5355625;MEGAFON
5355626;MEGAVOX
5355627;MEGUNA
5355628;MELICONI
5355629;MELITTA
5355630;MELKCO
5355631;MEMOREX
5355632;MENALUX
5355633;MERCURY
5355634;MERRYLOCK
5355635;META
5355636;METRO3D
5355637;MGE
5355638;MICROJET
5355639;MICROLAB
5355640;MICROSOFT
5355641;MICROSONIC
5355642;MICROTEK
5355643;MIDLAND
5355644;MIDWAY
5355645;MIELE
5355646;MIFI
5355647;MILI
5355648;MILLENIUM
5355649;MILLI
5355650;MILVIS
5355651;MINCO
5355652;MINOLTA
5355653;MIO
5355654;MIREX
5355655;MISSION
5355656;MISTERIYA ZVUKA
5355657;MITAC
5355658;MITSUBISHI
5355659;MITSUMI
5355660;MIXBERRY
5355661;MOBIL GUARD
5355662;MOLVENO
5355663;MONGOOSE
5355664;MONOLIT
5355665;MONSTER
5355666;MONTBLAN
5355667;MOON
5355668;MOON RECORDS
5355669;MORA
5355670;MORDAUND-SHORT
5355671;MORDAUNT-SHORT
5355672;MOROZ RECORDS
5355673;MORPHY RICHARDS
5355674;MOSER
5355675;MOSER BAER
5355676;MOTIV
5355677;MOTOROLA
5355678;MOULINEX
5355679;MOVAVI
5355680;MPIO
5355681;MR.BOOK
5355682;MSI
5355683;MTS
5355684;MTX
5355685;MUSICAL FIDELITY
5355686;MUSIK TRADE
5355687;MUSTEK
5355688;MY GUIDE
5355689;MYLOCK
5355690;MYSTERY
5355691;NAD
5355692;NAKAMICHI
5355693;NARDI
5355694;NASH
5355695;NAVIANGEL
5355696;NAYAD
5355697;NCP
5355698;NDS
5355699;NEC
5355700;NEFF
5355701;NEO
5355702;NEO DRIVE
5355703;NEO STYLE
5355704;NEOCLIMA
5355705;NERI KARRA
5355706;NERO
5355707;NESCAFE
5355708;NETGEAR
5355709;NETT
5355710;NEVA
5355711;NEWTONE
5355712;NEXX
5355713;NG
5355714;NIKKO
5355715;NIKON
5355716;NILFISK
5355717;NINTENDO
5355718;NN COFRA
5355719;NO NAME
5355720;NOBO
5355721;NOBRAND
5355722;NODOR
5355723;NOEL
5355724;NOKIA
5355725;NONAME
5355726;NOR
5355727;NORD
5355728;NOTA
5355729;NOVA
5355730;NOVATEC
5355731;NOVIGO
5355732;NOVIS
5355733;NRG
5355734;NT COMPUTER
5355735;NT-COMPUTER
5355736;NTV
5355737;NTV PLUS
5355738;NUTRIC
5355739;NVIDIA
5355740;ODEON
5355741;OEHLBACH
5355742;OFA
5355743;OKI
5355744;OKLICK
5355745;OKS
5355746;OLDENA
5355747;OLI
5355748;OLIMPIA
5355749;OLSA
5355750;OLTRAMAX
5355751;OLYMPIA
5355752;OLYMPUS
5355753;OMB
5355754;OMNIMOUNT
5355755;ON
5355756;ONE TOUCH
5355757;ONEFORALL
5355758;ONEXT
5355759;ONKYO
5355760;ONLIME
5355761;ONYX
5355762;OPENBOX
5355763;OPTICLEAN
5355764;OPTIMA
5355765;OPTIQUEST
5355766;OREGON SCIENTIFIC
5355767;ORF
5355768;ORIENTAL
5355769;ORIOLE
5355770;ORION
5355771;ORO
5355772;ORO-FIX
5355773;ORSIO
5355774;ORT
5355775;OSRAM
5355776;OTTOSHTEKKER
5355777;OVERPLAY
5355778;OXIGEN SOFTWARE
5355779;OXO
5355780;OXY
5355781;OYAMA
5355782;OYSTERS
5355783;OZAKI
5355784;PACKARD BELL
5355785;PACLAN
5355786;PALIKHA
5355787;PALM
5355788;PALM EUROPE LIMITE
5355789;PAMA
5355790;PANASONIC
5355791;PANDA SOFTWARE
5355792;PANTECH
5355793;PANTERA
5355794;PARADE
5355795;PARADIZ
5355796;PARAGON SOFTWARE
5355797;PARTNER
5355798;PASSAT
5355799;PATA
5355800;PATACO
5355801;PATRIOT MEMORY
5355802;PELICAN
5355803;PELSAN
5355804;PENTAX
5355805;PERESVET
5355806;PERSIL
5355807;PETEK
5355808;PFAFF
5355809;PHANTOM
5355810;PHASE
5355811;PHIL
5355812;PHILIPS
5355813;PHILIPS AVENT
5355814;PHILIPS-AVENT
5355815;PHOENIX GOLD
5355816;PHOTOGRAFICA
5355817;PILOT
5355818;PINNACLE
5355819;PIONEER
5355820;PIONER
5355821;PITER
5355822;PJ
5355823;PLANTRONICS
5355824;PLAST TEAM
5355825;PLASTON
5355826;PLATRONICS
5355827;PLAYLOGIC
5355828;PLEOMAX
5355829;PNT
5355830;PNZ
5355831;POCKET BOOK
5355832;POCKETBOOK
5355833;POCKETNAVIGATOR
5355834;POERPILOT
5355835;POINT
5355836;POLAR
5355837;POLARIS
5355838;POLAROID
5355839;POLK AUDIO
5355840;POLTI
5355841;PONY
5355842;PORT
5355843;PORT-BAG
5355844;PORTCASE
5355845;PORTO
5355846;POSTFORMING
5355847;POWER ACOUSTIK
5355848;POWERCOM
5355849;POWERCUBE
5355850;POWERMAN
5355851;POWERPILOT
5355852;POZIS
5355853;PQI
5355854;PRAKTICA
5355855;PREMIAL MOBIL
5355856;PREMIER
5355857;PREMIERA
5355858;PRESTIGIO
5355859;PRETEC
5355860;PRIL
5355861;PRIMA
5355862;PRIMAX
5355863;PRINT-RITE
5355864;PRO CINEMA
5355865;PRODIGY
5355866;PROEL
5355867;PROFI SET
5355868;PROFIGOLD
5355869;PROLIFE
5355870;PROLOGY
5355871;PROMT
5355872;PROPORTA
5355873;PROPUSK
5355874;PROTECTER
5355875;PROVENCE
5355876;PROVIEW
5355877;PRYM
5355878;PSB
5355879;PYLIC
5355880;PYRAMAT
5355881;PYRAMIDA
5355882;PYREX
5355883;PYROFLAM
5355884;Q-TRADE
5355885;QED
5355886;QTEK
5355887;QUADRAL
5355888;QUADRASPIRE
5355889;QUICK-PAK
5355890;QUICKSHOT
5355891;QUMO
5355892;R&R
5355893;R-BLAKE
5355894;RADFREE
5355895;RADIOTEHNIKA
5355896;RADUGA TV
5355897;RAINFORD
5355898;RAPSODY
5355899;RAPTOR
5355900;RAT
5355901;RAYEN
5355902;RAZER
5355903;RCA
5355904;RCF
5355905;REAL CABLE
5355906;REBIR
5355907;RED LINE
5355908;REDMOND
5355909;REFLECT
5355910;REGA
5355911;REGAL
5355912;REGENT
5355913;REITER
5355914;REKAM
5355915;REL
5355916;REMINGTON
5355917;REMO
5355918;RENESSANCE
5355919;RENOVA
5355920;RESONANS
5355921;RETONA
5355922;RETRO
5355923;REVOX
5355924;RICOH
5355925;RITMIX
5355926;RITTER
5355927;RIVA
5355928;RIWALL
5355929;RMG
5355930;ROBOTICS
5355931;ROCKBAG
5355932;ROCKFIRE
5355933;ROL
5355934;ROLAND
5355935;ROLSEN
5355936;ROND
5355937;RONDELL
5355938;ROOMBA
5355939;RORETS
5355940;ROSE
5355941;ROSILY
5355942;ROSNET
5355943;ROTEL
5355944;ROTEX
5355945;ROTHO
5355946;ROVER
5355947;ROVER BOOK
5355948;ROVERMATE
5355949;ROVERPC
5355950;ROVERSCAN
5355951;ROVERSHOT
5355952;ROWENTA
5355953;ROXTON
5355954;RP
5355955;RST
5355956;RUBIN
5355957;RUSCICO
5355958;RUSSKOYE SCHASTJE
5355959;RUSSOBIT-M
5355960;RUSSOUND
5355961;RYOBI
5355962;S.B.A. PRODUCTION
5355963;SA
5355964;SAECO
5355965;SAFA
5355966;SAGA
5355967;SAGEM
5355968;SAITEK
5355969;SAMSONITE
5355970;SAMSUNG
5355971;SAN SHIN
5355972;SANDISK
5355973;SANITAS
5355974;SANO
5355975;SANTEX
5355976;SANUS
5355977;SANYO
5355978;SANYOO
5355979;SATURN
5355980;SBM
5355981;SCAB
5355982;SCANPART
5355983;SCARLETT
5355984;SCEE
5355985;SCHER-KHAN
5355986;SCHMIDT&MESSER
5355987;SCHNEIDER
5355988;SCHROERS
5355989;SCSI
5355990;SCYTHE
5355991;SEAGATE
5355992;SEG
5355993;SEGA
5355994;SEIKO
5355995;SENNET
5355996;SENNHEISER
5355997;SENTRY
5355998;SEQUENCE
5355999;SEVEN
5356000;SEVERIN
5356001;SHARKOON
5356002;SHARP
5356003;SHERIFF
5356004;SHERWOOD
5356005;SHINCO
5356006;SHINDO
5356007;SHIVAKI
5356008;SHO-ME
5356009;SHOCK ABSORBERS
5356010;SHRED-ET
5356011;SHRINK
5356012;SHTURMANN
5356013;SHURE
5356014;SHUTTLE
5356015;SIEMENS
5356016;SIESTA
5356017;SIGMA
5356018;SIGMA-PROFI
5356019;SILAMPOS
5356020;SILICON POWER
5356021;SILIKOMART
5356022;SILIKON POWER
5356023;SILK WAY
5356024;SILTAL
5356025;SILVER
5356026;SILVERLINE
5356027;SIM2
5356028;SIMAX
5356029;SIMFER
5356030;SIMPLE TECH
5356031;SINBO
5356032;SINEUS
5356033;SINGER
5356034;SITRONICS
5356035;SKARLETT
5356036;SKC
5356037;SKIL
5356038;SKULLCANDY
5356039;SKY
5356040;SKYLINK
5356041;SKYMASTER
5356042;SKYON
5356043;SKYWATCHER
5356044;SLIM SCREEN
5356045;SMART
5356046;SMARTS
5356047;SMD
5356048;SMEG
5356049;SMILE
5356050;SMILES
5356051;SMS
5356052;SNAIGE
5356053;SNB
5356054;SOEHNLE
5356055;SOFT CLUB
5356056;SOFTPROM
5356057;SOKE
5356058;SOLARIS
5356059;SOLIDEX
5356060;SOLO
5356061;SOLTIS
5356062;SOMAT
5356063;SONEST
5356064;SONIC DUO
5356065;SONOROUS
5356066;SONY
5356067;SONY ERICSSON
5356068;SONY/BMG
5356069;SONY/BMG DVD
5356070;SONYERICSSON
5356071;SOUND MAX
5356072;SOUNDMAX
5356073;SOUTHWING
5356074;SOVA
5356075;SOYUZ
5356076;SOYUZ MUSIC
5356077;SPAL
5356078;SPECK
5356079;SPECTRAL
5356080;SPEED-LINK
5356081;SPIRE
5356082;STAGG
5356083;STALMAN
5356084;STANLEY
5356085;STAR
5356086;STAR LINE
5356087;START
5356088;STAYER
5356089;STB
5356090;STEEL MATE
5356091;STEELSERIES
5356092;STEKLOCOMPLEX
5356093;STIEBEL ELTRON
5356094;STINGER
5356095;STINOL
5356096;STM
5356097;STOMER
5356098;STORM-AS
5356099;STRONG
5356100;STUFF
5356101;STYLE DECOR
5356102;SUMDEX
5356103;SUN
5356104;SUNBEAM
5356105;SUNLIT
5356106;SUPERCASE
5356107;SUPRA
5356108;SURECOM
5356109;SV STUDIO
5356110;SVC
5356111;SVEN
5356112;SVETOCOPY
5356113;SWIRL
5356114;SWISSAIR
5356115;SWISSMEMORY
5356116;SWIZER
5356117;SYGIC
5356118;SYMANTEC
5356119;SYSCOM
5356120;T AUDIO
5356121;TAKE2
5356122;TAKEAWAY
5356123;TALLER
5356124;TAMRON
5356125;TANITA
5356126;TANNOY
5356127;TARGA
5356128;TARGET
5356129;TARGUS
5356130;TARLEV
5356131;TASSIMO
5356132;TAURUS
5356133;TAYG
5356134;TB
5356135;TCL
5356136;TDK
5356137;TEAC
5356138;TEBA
5356139;TECHLINK
5356140;TECHNICS
5356141;TECHNO
5356142;TECHNOCHIM
5356143;TECHPOINT
5356144;TECKOSYSTEMS
5356145;TEFAL
5356146;TEHNOLINE
5356147;TEKRAM
5356148;TELE2
5356149;TEND
5356150;TENSON
5356151;TEPLO
5356152;TERMO SCREEN
5356153;TETCHAIR
5356154;TETENAL
5356155;TEXET
5356156;TEXTILE
5356157;TF NIKITIN
5356158;TFA
5356159;THERMEX
5356160;THERMOS
5356161;THOMAS
5356162;THOMSON
5356163;THQ
5356164;THRUSTMASTER
5356165;TIBO
5356166;TIDE
5356167;TIME
5356168;TITAN
5356169;TJT
5356170;TNP
5356171;TOMTOM
5356172;TOP AUKTION
5356173;TOP GEAR
5356174;TOP HOUSE
5356175;TOP-INDUSTRY
5356176;TOPPERR
5356177;TOPSTAR
5356178;TOPWIN
5356179;TOSHIBA
5356180;TOYOTA
5356181;TOYS
5356182;TP
5356183;TP-LINK
5356184;TRAMONTINA
5356185;TRANSCEND
5356186;TRAXDATA
5356187;TREXTA
5356188;TRICOLOR
5356189;TRIPP LITE
5356190;TRUST
5356191;TRUSTMASTER
5356192;TSUNAMI
5356193;TUCANO
5356194;TURBO
5356195;TURTLE WAX
5356196;TVIK
5356197;TWISTER
5356198;TYPHOON
5356199;UBI SOFT
5356200;UBIQUAM
5356201;UBISOFT
5356202;UCONTROL
5356203;UDI
5356204;UFESA
5356205;UFO
5356206;UKICRA
5356207;ULTRA LIGHT
5356208;ULTRALINK
5356209;UMAX
5356210;UMC
5356211;UNI
5356212;UNIEL
5356213;UNIT
5356214;UNIVERSAL
5356215;UNIVERSAL DVD
5356216;UNOMAT
5356217;UNTAMO
5356218;UPO
5356219;URAL
5356220;URBANO
5356221;USR
5356222;UTEL
5356223;VACUUMSAVER
5356224;VALENTA
5356225;VALERA
5356226;VANGUARD
5356227;VANISH
5356228;VANTAGE
5356229;VARIO
5356230;VARTA
5356231;VAX
5356232;VCM
5356233;VDH
5356234;VECTOR
5356235;VEGAVOLT
5356236;VEKTOR
5356237;VELAS
5356238;VELBON
5356239;VELVET MUSIC
5356240;VENDOR
5356241;VENTA
5356242;VENUS
5356243;VERBATIM
5356244;VERIS
5356245;VERITAS
5356246;VERMATA
5356247;VERNEL
5356248;VERSIYA
5356249;VERTEX
5356250;VES
5356251;VESTA
5356252;VESTEL
5356253;VESTFROST
5356254;VESTON
5356255;VESTTECH
5356256;VIASAT
5356257;VICONTE
5356258;VIDEOBAZA
5356259;VIDEOCOM
5356260;VIDEOCONNECT
5356261;VIDEOVOX
5356262;VIDIMAX
5356263;VIEWSONIC
5356264;VIFA
5356265;VIGOR
5356266;VIKING
5356267;VIKING VIDEO
5356268;VILAND
5356269;VINZER
5356270;VIRA
5356271;VITEK
5356272;VITESSE
5356273;VIVANCO
5356274;VIVENDI GAMES
5356275;VIVITAR
5356276;VK
5356277;VOGEL
5356278;VOGELS
5356279;VORNADO
5356280;VOUX
5356281;VOX VIDEO
5356282;VOX-VIDEO
5356283;VOXTEL
5356284;VS
5356285;VSR
5356286;WACOM
5356287;WALT DISNEY
5356288;WANLIMA
5356289;WARNER
5356290;WARNER DVD
5356291;WARNER ФГН
5356292;WEB MONEY
5356293;WEB PLUS
5356294;WEDGIE
5356295;WELLTON
5356296;WENDOX
5356297;WENKO
5356298;WEST
5356299;WEST RECORDS
5356300;WEST VIDEO
5356301;WESTCALL
5356302;WESTERN DIGITAL
5356303;WESTLAND
5356304;WESTMARK
5356305;WET NAP
5356306;WET NAPS
5356307;WHARFEDALE
5356308;WHIRLPOOL
5356309;WHISTLER
5356310;WIENER
5356311;WILLINGER
5356312;WOLOMIN
5356313;WOOX
5356314;WORLDMOUNT
5356315;WORWO
5356316;WWM
5356317;X-DIGITAL
5356318;X-DRIVE
5356319;X-FILE
5356320;X-GAME
5356321;X-PRESSION
5356322;X-STORM
5356323;X3
5356324;XAVAX
5356325;XEONIC
5356326;XEROX
5356327;XLO
5356328;XONIC
5356329;XORO
5356330;XSAT
5356331;Y.POLISH
5356332;YAMAHA
5356333;YAMATA
5356334;YASHICA
5356335;YOKO
5356336;YOTA
5356337;YPLON
5356338;YUZA
5356339;ZAKANG
5356340;ZANUSSI
5356341;ZASS
5356342;ZEIDAN
5356343;ZELMER
5356344;ZILLION
5356345;ZINGER
5356346;ZIS
5356347;ZOMBIE
5356348;ZOOM
5356349;ZTE
5356350;ZYXEL
5356351;АВЕСТ
5356352;АВТОСПУТНИК
5356353;АГРИС DVD
5356354;АЗБУКА
5356355;АЗОВМАШ
5356356;АИСТ
5356357;АКВАФОР
5356358;АКЕЛЛА
5356359;АЛТАЙСВЯЗЬ
5356360;АРКТЕЛ
5356361;АСЕ
5356362;АТЛАНТ
5356363;Аквант
5356364;Апельсин
5356365;Астра
5356366;БАРЬЕР
5356367;БВК
5356368;БИЛАЙН
5356369;БИРЮСА
5356370;БРЕСТ
5356371;БУКА
5356372;ВВВ
5356373;ВВК
5356374;ВЕНТОМ
5356375;ВИТЯЗЬ
5356376;ВОЛГА ТЕЛЕКОМ
5356377;ВЯТКА
5356378;Волга Телеком
5356379;ГАЗМАШ
5356380;ГАРАНТ
5356381;ГЕЙЗЕР
5356382;ГОЛДЕН ТЕЛЕКОМ
5356383;ГРИН
5356384;ГУДЛАЙН
5356385;Голден Телеком
5356386;Гранд рекордс
5356387;Грин
5356388;ДАРИНА
5356389;ДВД ЛЭНД
5356390;ДЕЛЬФИН
5356391;ДОМОЛИНК
5356392;ДЭЛСОТ
5356393;ЗАО НОВЫЙ ДИСК
5356394;ЗВИ
5356395;ЗЕБРА
5356396;КАЗАХТЕЛЕКОМ
5356397;КВАЗАР-МИКРО
5356398;КВИНТА
5356399;КИМ
5356400;КИРИЛЛ И МЕФОДИЙ
5356401;КОМЬЮНИКЕЙШНЗ
5356402;КРИСТАЛЛ
5356403;КУПАВА
5356404;Кармен Видео
5356405;Квадро
5356406;Квадро-Диск
5356407;Классик Компани
5356408;ЛИБЕРТИ
5356409;МАЛАЯ ВИШЕРА
5356410;МАНГО
5356411;МАСТАК
5356412;МАСТЕР
5356413;МЕГАЛАЙНЕР
5356414;МЕГАЛОГ-ПЛЮС
5356415;МЕГАФОН
5356416;МЕРИДИАН
5356417;МЕТАКОМ
5356418;МЕЧТА
5356419;МИР
5356420;МИСТЕРИЯ ЗВУКА
5356421;МОНОЛИТ ТРЕЙДИНГ
5356422;МТС
5356423;МТУ
5356424;МЯЧ
5356425;Мастер
5356426;Мгалайнер
5356427;Мегалайнер
5356428;Мегалог-Плюс
5356429;Мистерия Звука
5356430;Мистерия звука
5356431;Монолит Трейдинг
5356432;Мьюзик Трэйд
5356433;НЕВОТОН
5356434;НЕТ БРЕНДА
5356435;НМК-ТРЕЙД
5356436;НОВЫЙ ДИСК
5356437;НОРД-ТЕЛЕКОМ
5356438;НСС
5356439;ОДИССЕЙ
5356440;ОПТИМА
5356441;ОПТОЛЮКС
5356442;ПАРАДИЗ ДИДЖИТАЛ
5356443;ПАРТНЕР
5356444;ПЕТЕРСТАР
5356445;ПИТОН-ЕВРО
5356446;ПЛАНЕТА-ТЕЛЕКОМ
5356447;ПЛАНЕТА-телеком
5356448;ПРОГРЕСС
5356449;ПРОДЮСЕРСКИЙ ЦЕНТР
5356450;Петерстар
5356451;Пролог Мьюзик
5356452;РАДУГА
5356453;РАДУГА ТВ
5356454;РИВОЛИЯ
5356455;РОСФИЛ
5356456;Респект Продакшн
5356457;САРАТОВ
5356458;СВИЯГА
5356459;СВЯЗЬТРАНЗИТ
5356460;СЕЛЕНА
5356461;СЕРВИС-ЗВУК
5356462;СИБИНТЕРКОМ
5356463;СИБИНТЕРЛИНК
5356464;СИДИЛЕНД
5356465;СИЛУЭТ
5356466;СЛАВДА
5356467;СЛОН
5356468;СОЮЗ
5356469;СР Диджитал
5356470;СТАРТ
5356471;СТЕК
5356472;СТЕКЛОКОМПЛЕКС
5356473;СТЕКЛОМИР
5356474;СТИЛЬ
5356475;СТК
5356476;СУПЕР-ПЛЮС-ТУРБО
5356477;Сибинтерком
5356478;Сидиленд
5356479;Союз
5356480;Спарк
5356481;Стекломир
5356482;Стиль
5356483;ТАЙФУН
5356484;ТВИК
5356485;ТЕЛЕ-КОМ
5356486;ТЕЛЕПОРТ
5356487;ТЕЛЕТРОН
5356488;ТЕПЛОМАШ
5356489;ТЕРЕМОК
5356490;ТЕРМЕКС
5356491;ТЕХНОХИМ
5356492;ТИМСОН
5356493;ТРАНС ЛИНК
5356494;ТРАНСВИТ
5356495;ТРОПИК
5356496;ТФ НИКИТИН
5356497;ТФ Никитин
5356498;Твик
5356499;УЛЬТРА ЛАЙТ
5356500;УЛЬЯНОВСК GSM
5356501;УРАЛ
5356502;УУСС
5356503;ФИРМА ГРАМЗАПИСИ Н
5356504;ФОТОСТИЛЬ
5356505;Фирма Грамзаписи Н
5356506;Фишкин
5356507;ХАЛЯВА
5356508;ХАРЬКОВ
5356509;ЦЕНТЕЛ
5356510;ЧИТА-ОН-ЛАЙН
5356511;ЧУВАШИЯ МОБАЙЛ
5356512;ЭКСМО
5356513;ЭЛЕКТРОН
5356514;ЭЛИКОР
5356515;ЭЛЛИС
5356516;ЭЛФОРТ
5356517;ЭЛЬДОРАДО
5356518;Эврика
5356519;ЯНДЕКС
5356520;ЯРОСЛАВЛЬ-GSM
5356521;ЯУЗА
5830316;ПРОСТО ЧИСТО
5830374;TOP DEVICE
5838092;BABYLINE
5838094;Я САМАЯ
5838134;STADLER FORM
5838183;COWAY
6527597;DAEWOO ELECTRONICS
6527602;NISSIN
6527605;HOYA
6657286;ECO.STYLE
6657439;MORDAUNT
6793631;LANRIZ
8704531;PURE ACOUSTICS
8704540;PENSOFAL
9582316;MCAFEE
10802104;FUNC
11304829;SMART COFFEE CLUB
11304883;GOLDSTAR
15141227;PORT DESIGNS
15575219;BEATS
15944726;TELEKARTA
18204050;RUSSELL HOBBS
18926354;ТРИАЛ
21590977;VELODYNE
21591088;SMARTTRACK
22026070;FORESTER
22839004;EXEQ
22839073;MAXIMA
22839115;LOCUS
23381866;ZOGA
24929812;BLACKBERRY
27195896;RAPOO
28573357;XTREMEMAC
28573627;BUGATTI
28573693;ELEMENT
31007848;LIBERTI-BUK
31007881;FIRSTBIKE
32107936;ЭГМОНТ
32107981;FLAMA
32298943;IDESIGN
37422322;APEX
37422565;GA.MA
45690958;TRENDNET
49250915;SGP
57371035;SMARTBUY
58954036;LAMBORGHINI
58954105;IRIDIUM
58954111;FENICE
62345309;TELEFUNKEN
69591304;JOY D
71894816;ION
72781712;СР ДИСТРИБУЦИЯ
72815552;COMFORT
78210424;LAPLAYA
85379603;AUDIO-TECHNICA
85379708;DREAMGEAR
88267564;VOBIX
90990137;HITT
98064295;GIGABYTE
134954228;PNY
134955554;BODYKRAFT
135014450;FUJITA JAPAN
137599580;RIDIAN
137885978;ALION
139455278;SQUARE ENIX
139856156;БЮРОКРАТ
140106698;NAMCO
140788951;ROCCAT
144130580;BRIGITTA
144215678;ST
144494882;ARK
145220318;MICROMAX
145697660;AKENORI
146298500;TIVION
147166664;GOPRO
149041370;SPEEDLINK
150012643;BLACKVUE
150012781;PRINCESS
150302876;ETULINE
150511808;DE ROCCIS
151729244;DF
152023051;HOMEDICS
155659117;SILK'N
156345176;TUTTI FRUTTI
156394310;THULE
156832580;PLANTA
157235498;ZANZOON
157240885;TREK PLANET
157470848;CATERPILLAR
158031943;RELAX
158123815;JAWBONE
158290076;AEE
158457860;ZAMEL
158626772;GIOTECK
158626802;WALTHER
159042787;4GAMERS
159042865;THETFORD
159042913;OURSSON
159159068;GREENPAN
159357625;ARKDEVICE
159396061;ROSS&MOOR
159458641;WEXLER
159615074;MERRIES
159796340;WOODY O'TIME
159796406;TACTIC
159796418;RUBIK'S
159796430;SLINKY
159796448;ETCH-A-SKETCH
159796472;RECENT TOYS
159796514;MEFFERT`S
159796538;ZING
159796562;MAGIC 8 BALL
159796580;LABIRINTUS
159796598;NEOCUBE
159816014;AL-KO
159816050;ELITECH
159816392;PLAY-DOH
159972985;INTRO
159973279;TPF
159973291;HASBRO
159973303;BASIC CONCEPT
159973315;ABTOYS
159973459;LIL WOODZEEZ
159973477;FUNVILLE
159973501;SHINER TOYS
159973621;SUPER LEADER
160937617;FILLY
160937695;SPIN MASTER
160937731;TAMAGOTCHI
160937815;KIDSPAD
160937839;LALALOOPSY
160937971;ZAPF CREATION
160938091;CUBICFUN
160938853;WELLY
160939261;BEN 10
160939291;SPYNET
160939885;POWERTRAINS
160940515;DESYATOE KOROLEVST
161091740;SWITEL
161091776;RAMILI
163459501;HOBBY WORLD
163459561;PIATNIK
163459609;1TOY
163459675;LEGO
163460005;HUTER
163460101;MATTEL
164859824;DUUX
169152008;STRIIV
169152068;TAF TOYS
169152092;MYAKISHI
169152200;PLATINUM
169152386;BRABANTIA
169152883;CHICCO
169575295;HUGGIES
169575493;FISHER PRICE
169579778;KALIBR
169813861;RINZO
169813879;JUNFATOYS
169813909;LITTLE TIKES
169813987;HTI
169814059;EDUCA
169814113;SWIMTRAINER
169849417;HAPPY BABY
170014310;FASHIONCASE
170014394;PIGEON
170127211;BOJEUX
170163662;HAMMER
170237624;BEBE CONFORT
171852710;PLAYGRO
171852848;CANPOL BABIES
172037617;ANZO
172037779;ДЭМИ
172037797;COOKOOWATCH
172037821;PUMA
172268426;HIPER
172571329;PURO
172571581;RASTAR
172571809;JINGA
174326696;LEATHERMAN
175159687;CUCKOO
175380433;ORB
175519339;VILEDA
177238639;KOTO
177450433;ME TO YOU
177450475;MARLEY
177450715;TROFI
177555307;MUVIT
177555319;FERRARI
179931914;MIOSHI
180215888;ИСКРА
180216002;ГРИЛЬКОФФ
180216122;BMW
180216134;TAYLOR
180216188;GUESS
180216416;VESPA
180216428;KENZO
180216722;ЗУБР
181124851;SHARNDY
181125367;ERGOMAX
181492976;SVAROG
181512553;CACTUS
181512787;SAFETY 1ST
181512829;RENOLUX
181622941;KERO
182635796;MOE SOLNYSHKO
182635826;MOROZKO
183634376;FITBUG
183988969;AGESTAR
184232179;KSG
184232203;ROYAL&LANGNICKEL
184232251;SES-CREATIVE
185633694;PARK
185723278;NINJA CORPORATION
185723674;4M
185730441;GOOGLE
186494026;KROMAX
186494070;ARM MEDIA
186494090;PROJECTA
186494098;LUMIEN
188661449;ALLIED TELESIS
190469478;PARROT
191504798;QCYBER
191504850;FORT
191504890;LUXSAN
191504922;PELIGRIN
191504954;HELEN HARPER
191504982;MOONY
191505002;GOON
191603726;SANOSAN
191603774;AQA BABY
191603850;EURON
191986634;WERT
192722594;РЫЖИЙ КОТ
193220537;VASH PODAROK
193220605;WARNER BROS
193412737;UNIQ
197698305;СИЛА
197698365;SCOTCH
197698377;МОМЕНТ
197885429;CATERPILLER
197885465;RUGGEAR
197886241;TIMOTEI
198448862;CRESYN
198858966;BRАUN
198972262;SPLAT
199076068;BABYBJORN
199780543;ALTACTO
199780555;OGOSPORT
199780647;VENOM
202691216;JAM
202914276;ZODIAK
202914332;MAGFORMERS
203542264;ACCADEMIA MUGNANO
204541224;BRATZ
205616727;CRAYOLA
205616863;ADA INSTRUMENTS
206557999;SAPPHIRE
206558099;POWERCOLOR
206558123;PALIT
206559087;ASROCK
206559763;AEROCOOL
206559771;FSP
206559795;HIPRO
206559807;THERMALTAKE
206559831;SEASONIC
206559907;NORDPLAST
206570816;LINKWORLD
206570844;AXON
206576899;AMD
206580479;ARCTIC FORCE
206580571;MIWORLD
206580587;SEW COOL
206584568;ACCORD
206584612;FRACTAL DESIGN
206584844;FORMULA
206584936;FOXCONN
206584972;XIGMATEK
206585020;NZXT
206585220;HYNIX
206585228;KINGMAX
206585532;CRUCIAL
206585592;GLACIALTECH
206585608;ZALMAN
206767612;… С ДЫМКОМ
206768192;GREEN GLADE
207135364;AURA
207135504;FAMOSA (NANSY)
207135524;FIVE STARS
207135556;PROF BOX
208249524;KITSOUND
208249640;ANGRY BIRDS
210485763;LITTLE SIBERICA
210485851;BUBCHEN
210570219;НЕВСКИЙ КРЕПЁЖ
210761944;FAMILY FUN
211999907;БОЛЬШОЙ ПРАЗДНИК
212180908;TERMISIL
212374904;DRAKOSHA
212374912;MALENKAYA FEYA
213830696;BESTWAY
213830752;VIVID
213830800;DRAGON
213830828;NORDLAND
213830964;MEGA BLOKS
214331371;MOOSE
214331443;PAMPERS
214331487;TESCOMA
215635407;FARO
215635531;MOOSE MOUNTAIN
215635563;FAMOSA (PYNYPON)
215834899;NUK
215840783;ESSCHERT DESIGN
217024135;CYBEX
217041680;ZEROWATT
217042144;MISFIT
217045315;GREEN APPLE
217045371;ЭРА
217248432;PEG-PEREGO
218393920;HARPER
219116748;BLOCKER
219116856;WESTER
219612867;ROMBICA
219713484;PROFFI
219778423;MAXI-COSI
219778903;REDVERG
219825200;BOYSCOUT
219825240;SIMBA
219825252;SMOBY
219839196;SCHIPPER
219839272;DICKIE
219839348;UPVEL
219853972;MULTI-PULTI
219854140;NANIA
219892036;MAJORETTE
219892076;JOY TOY
219892104;MASHA I MEDVED
219892112;СОЛНЦЕ И ЛУНА
219892140;BIBI
220802168;K'S KIDS
220802292;TINY LOVE
220803424;BOUNTY HUNTER
220803468;GARRETT
220803716;IMC TOYS
223548732;VORTEX
223548748;ECOS
224230647;RORAX
224230667;TUBA
224268708;RUNTASTIC
224268760;IRWIN
224779656;PCHYELKA MAYA GT
224779664;GIOCHI PREZIOSI
224779780;RAINBOW LOOM
224779788;TRUNKI
224779836;FIKSIKI
224779860;MANLEY TOYS
224779872;ZATEYNIKI TM
224791083;LANDMANN
225396324;S+S TOYS
225396360;PARTY ANIMALS
226799907;MEDIAGADGET
226799939;CLEVER
226800239;ROBOCAR POLI
228245872;ANDRONI GIOCATTOLI
228245888;ZHORYA
228246028;HELLO KITTY
228255831;FIXIKI
229355380;SPARCO
230575960;LITTLE BEETLE
230576204;MEINE LIEBE
230576316;DR.BECKMANN
230576380;FROSCH
230576484;EMSAL
232543595;БАННЫЕ ШТУЧКИ
233557919;WILMAX
235193656;DREMEL
235193700;GOOD&GOOD
235193780;INTEX
235194024;JILONG
235194052;FEBER INTERNATIONA
235297211;PATRIOT
235298579;JULIA VYSOTSKAYA
235298599;EDIM DOMA
235298695;VTECH
235916784;DAESUNG
235916792;POWERTRAINS&CONSTRUCTIONS
235916804;VOOV
235916820;STAR WARS
237139764;ANYMODE
237139856;COZY
237139872;BABIES
237139880;BEEANGEL
237139912;AIR HOGS
237139988;SANDS ALIVE
237140072;DOCTOR PLUSHEVA
237140160;DISNEY PRINCESS
237140176;MOXIE
237140208;BIG FIGURES
237140420;FLYING FAIRY
237751143;STRIASAN
237751159;ROMER
237751391;VIOLET
237836452;ANY KIDS
237874840;MSTITELY GT
239096839;NIZ
239096907;INGREEN
239096943;SVIP
239096951;PLASTIC CENTRE
240336692;TECHNOPARK
240336760;POTETTE PLUS
241407648;MARVEL
241407800;OUAPS
241407828;DIONO
241505359;VIP LEX
241505431;EXPEL
242140496;BRANQ
243980076;ZIPFY
243980192;MAK
244022855;BABYSMART
244022879;FIRST BIKE
246128552;BARBIE
246128656;TY
246245204;SONATA STYLE ТМ
246767548;HERDMAR
246961120;TOMY
246972248;GARDENA
246972264;MINILAND
247574899;WINX CLUB GT
249404696;NAVIGATOR
250117756;ZILMER
250117840;HOT WHEELS
250117904;BOOMCO
250117928;MAX STEEL
251978380;MARIAN PLAST
252030255;MONSTER HIGH
254826052;WHITE FOX
256965136;GARDEX
256965184;РАПТОР
256965308;NEOLINE
257030119;NATURIN
257031784;HYDRO FORCE
257599407;VALIANT
257806891;CROSSER
257806903;KOLNER
259776724;FALCA
259776732;GUCA
259776808;EVER AFTER HIGH
259776912;YG SPORT
264898888;LITTLE ANGEL
266364764;СТАВР
268195124;KIOKI
268386152;EXPLOYD
268420668;MAMAN
268424264;TURBOSPOKE
270451474;MINELAB
274325269;COMMAND
274325365;TOLO TOYS
276226496;КОРАЛЛ
276226504;PASABAHCE
276307104;KINETIC SAND
278721256;MAMA COM.FORT
278721907;LINEA LORE
278750623;ЛЕЖЕБОКА
278750650;TROYKA
278963292;SENSEIT
279493384;REXEL
279493396;ВОЛШЕБНАЯ НОЧЬ
281305960;PANDA
281306008;VEROSSA КОНСТАНТЕ
281306047;ГАРМОНИЯ
281306077;ОБЛАЧКО
281445274;SCHOLL
281445316;HOMEQUEEN
281445370;COMFORT LINE
281445379;VEROSSA
281445388;GREEN LINE
281445661;FRESH CODE
281628140;FORA
281628232;KLEBER
283160148;WINX
283160752;CORSA
285140264;ARLONI
285156768;COOK N'SHARE
285162320;KITFORT
285776036;RILEY
285776500;МАЛЕНЬКИЙ МАГ
285852640;EASTCOLIGHT
285852648;LEARNING JOURNEY
285866384;SCOOLI
285866420;PLASTMASTER
287662040;YMKA
287662516;ZWILLING
287717228;STRELA RACING PRO
287795444;TEHNOPARK
287795508;GOROD MASTEROV
287795544;BIG
288420924;LEEF
288459347;MC2
288498519;COUGAR
288498579;TESORO
291072311;MAD CATZ
291072375;SIGER
291072503;GAMES CORPORATION
291072531;NANOBLOCK
291132899;MARVO
291180736;TANGLE
291180748;AERO-YO
291180764;YOYOFACTORY
291180776;RORY'S STORY CUBES
291180856;HAUCK
291224664;TOUCHBEAUTY
291224712;LAICA
291224760;BODY TIME
291224980;PETIT TERRAILLON
293123515;IGRAEM VMESTE
293123655;COLGATE
293190495;DOCHA&MAMA
293190743;NIVEA
293190767;MAGNOLIA HOME
293954752;MALENKIY MAG
293954764;ZLATEK
295473132;ACTION!
295473232;INDEX
295473256;PAPER MATE
296511848;MELALA
296511912;MULTIART
298590435;FORNELLI
298921067;MOLFIX
300190688;MSZ
300190784;MAXITOYS
302197855;SPIRELLA
302197863;PAW PATROL
302197883;PLASTELINO
302197935;SMARTERRA
302238228;NASHA MAMA
302238580;JAK LINN
304200983;MAXI LIFE
304201039;MADPAX
305058212;BONDIBON
306073776;NOVATRACK
306979160;EFCO
306979208;CRAFTSMAN
307080468;PINTINOX
309384391;HAPPY BAND
309384443;АКСИОН
310573423;STIGA
310573535;ALPINA
311041507;WORLD OF TANKS
312908480;RHOMBUS
312908488;SCHWARTZ
315536839;COZISTYLE
315536871;BALBI
319183571;EXPERT
319183795;CBR
319183823;KORALL
322761320;СОЛНЕЧНЫЙ ДОМ
322761484;AZBUKVARIK
322761492;SLUBAN
322862972;MIESSA
322862980;VIOLETTO
323293164;DRAGONS
323293180;MILES
323293216;LBX
323293396;KITCHENAID
323384478;LOOM TWISTER
323386818;THE BRIDGE
323389154;TASIA
323438902;KXL
323530398;I-STAR ENT. HK,LTD
325194035;BOLEY
325201188;RESANTA
325232328;ROCS
325232424;KNITS COOL
325232456;НЕЖНОСТЬ
325306235;FASHION FANTAZY
327795239;MEHANO
327795279;GREEN MAMA
327795299;ESSENCE ULTIME
327795315;GLISS KUR
327940900;FORTUNA GAMES
327940960;GOT2B
327941020;DIADEMINE
327941272;SNOWSTORM
328030447;NATURA SIBERICA
328030719;LIBERO
328482991;WEINA
329315184;TEANA
330440383;MECCANO
330440543;JOHNNY THE SKULL
330440599;LOSHADINAYA SILA
330503776;NATURELLA
330503788;DISCREET
330503800;TAMPAX
330503832;ALWAYS
330503916;РУНО
330945788;ТРОФИ
330978987;LIBREDERM
330979063;LISTERINE
330979119;NEUTROGENA
330979199;OLD SPICE
331079775;PLAYBACK
331079815;OLAY
331079927;BALIO
332353467;AXE
332353475;CLEAR VITA ABE
332353491;DOVE
332353563;TONI&GUY
333146332;DJI
333768632;HOOX
336476767;SALON DEAPRES
336476775;NATVRA
336476791;REVEUR
336476831;VOLOUTE
336476899;BOTANIKA
336476931;NAGARA
336476939;DENTALPRO
336476983;DEOSTICK
336477063;JAPAN GALS
336477095;SOSU
336477135;NAPLA
336477143;FERNANDA
336477367;4GOOD
336651560;DDSTYLE
336707783;SYOSS
336707807;TAFT
336707843;AUSSIE
336707851;WELEDA
336707883;GARNIER
336707895;L'OREAL
336707967;MEDELA
336708003;MR BEAMS
336828411;DESSANGE
336828603;SNOWMEN
337059196;TANGLE TEEZER
337059220;ROSE OF BULGARIA
337059336;SUNSTAR
337059352;HILARIS
337059368;MY ROSE
337059400;WELLA
337059552;LUVABLE FRIENDS
337059564;HUDSON BABY
337059584;SPASILK
337059616;BABYDAYS
337059824;DEPPA
339083099;MARNA
339083287;EOS
339083843;RAVENSBURGER
339564044;DJEKO
339564072;JOHN
339564092;SYLVANIAN FAMILIES
339662007;VEET
339662143;LE PETIT MARSEILLAIS
339662375;CHUGGINGTON
339662587;MEPSI
340118103;LACALUT
340118155;CHERNIY ZHEMCHUG
340118163;REXONA
340118627;BRIGHT STARTS
340118787;LIP SMACKER
340118979;EMERL
340118991;WIDE HAITER
340119003;ATTACK
340119023;LIQUI MOLY
340161771;ADIDAS
340161795;TOUCH IN SOL
340162387;КРИПТЕКС
340162611;БАРХАТНЫЕ РУЧКИ
342062703;HOLIKA HOLIKA
342062719;THE FACE SHOP
342063107;MUKUNGHWA
342216696;ADIRI
342233010;PEPPA PIG
