category_id;category_name
1119579;Аксессуары
1119795;Медианосители
1120672;CD
1120675;DVD
1121490;DVD+R/RW
1121493;DVD-R/RW
1121496;DVD-RAM
1120678;Видеокассеты
1121499;Видеокассеты VHS
1121502;Видеокассеты miniDV
1121505;Видеокассеты Video8
1120681;Аудиокассеты
102003866;Аксессуары для мультиварок
102019822;Аксессуары для мультиварок
1120693;Чистящие кассеты и средства
1119798;Элементы питания
1120696;Аккумуляторы
102336710;Ударные скидки
102366947;Телевизоры, аудио и видео
1120699;Батарейки
1120702;Зарядные устройства
1120705;Сетевые адаптеры
1119600;Аксессуары для автотехники
1119801;Антенны
1119804;Кабели/Переходники
1119807;Другие автоаксессуары
1119603;Аксессуары для телевизоров, аудио, видео
1119813;Кабели и переходники для аудио
1119819;ТВ-Антенны
1119822;Пульты
103945183;Молокоотсосы
1119825;AV-Сендеры
1119828;Стойки для CD/DVD
1119834;Футляры для CD/DVD
1119606;Аксессуары для фото и видео
1119837;Фотопленка
1119843;Фотоальбомы
1119846;Фоторамки
1119850;Штативы
1119853;Микрофоны
1119609;Компьютерные аксессуары
1119862;Сетевые фильтры
10532818;Красота и здоровье
10532903;Для холодильников
10532906;Для кух. комбайнов
10532909;Для мясорубок
10532912;Для блендеров
10532915;Для фритюрниц
10532921;Удлинители
10533020;Игровые аксессуары
10533023;Аксессуары для приборов для укладки волос
1119865;Источники бесперебойного питания
1119612;Аксессуары для дома и кухни
1120723;Аксессуары для холодильников
1119895;Аксессуары для электробритв
1120726;Аксессуары для вытяжек
1120729;Аксессуары для посудомоечных машин
1119919;Фонари
1119904;Средства для чистки
1119907;Фильтры для воды
1120753;Фильтры для воды
1120756;Сменные картриджи
1119615;Аксессуары для телефонов
1119922;Внешние аккумуляторы
1119925;Сетевые зарядные устройства
1119928;Автомобильные зарядные устройства
1119931;Дата-кабели
1120759;Bluetooth-гарнитуры
1120762;Проводные гарнитуры
1119940;Сумки и чехлы
1119943;Украшения
1120765;Брелки
1120768;Шнурки
1119618;Аксессуары для домашних телефонов
1119949;Дополнительные трубки
1119952;Аккумуляторы
1119955;Шнуры и штекеры
1119937;Адаптеры Bluetooth
1119958;Модемы
1119868;Кабели для PC
1120714;Колонки
1120720;Микрофоны
1120684;Минидиски
1120687;Дискеты
1119889;Аксессуары для стиральных машин
1120738;Аксессуары для кухонных комбайнов
1120747;Аксессуары для кофеварок
1120750;Аксессуары для фритюрниц
1120735;Аксессуары для утюгов
1120741;Аксессуары для мясорубок
1120744;Аксессуары для блендеров
1119898;Аксессуары для приборов для укладки волос
1119880;Средства для ухода за электроникой
1119856;Средства для ухода за оптикой
1119859;Оригинальные аккумуляторы
1119913;Часы и будильники
1119901;Прочее
1119886;Аксессуары для мелкой бытовой техники
1120690;Прочие носители
1119946;Прочее
1120732;Аксессуары для СВЧ
1119831;Аксессуары для музыкальных инструментов
1121619;FM-трансмиттеры
1121622;Конденсаторы
1121682;Все аксессуары для игровых приставок
1194737;Объективы
1194785;Вспышки
122983457;Электрокамины
123990739;Климатические комплексы
12492473;Рекордеры
128996542;OLED телевизоры
129023099;Smart телевизоры
1308341;Все игровые приставки
1309930;Тумбы со встроенной акустикой
133663727;Праздничные Суперцены
134196386;Приборы для ухода за кожей
134367920;Подарочные карты
134714443;Жесткий диск
134960959;Системы видеонаблюдения
135012548;Карты памяти
13525040;Лампочки
13527721;Лампочки
13527998;Светильники
137547392;Ultra HD телевизоры
140292818;Моноблоки
140799164;Гитары
143455027;Зарядные устройства
143479867;Зарядные устройства в авто
14393177;Защитные пленки для телефонов
144183889;Хранение дисков CD/DVD
14444711;Защитные пленки для планшетов
144610453;Выпрямители для волос
1461428;Смартфоны
1461649;Системные блоки
1464837;Сотовые телефоны
146738432;Кухонные машины
14718086;Услуги
14718899;Установка и настройка
14718902;Обслуживание и профилактика
14718923;Доработки
14720320;Продление гарантии
14720348;Установка встраиваемой техники
14720369;Программа профилактики
14720383;Сервис возврата потерянных вещей
14720480;Установка бытовой техники
14720518;Установка и настройка телевизоров, домашних кинотеатров и спутникового оборудования
14720563;Установка кондиционеров
14720761;Все доработки
1482093;LED телевизоры
14882810;Решение проблем
14882975;Прочие услуги
14883500;Возврат и обмен техники
14883617;Ремонт техники
14883650;Фотоуслуги
150543968;Мультирезки
1508428;Аэрогрили
1510454;Кино
1514421;DVD-диски
1514429;Музыка
151708568;Электрошашлычницы
1524245;Автомагнитолы
153534404;Стеклоочистители
153546979;Чехлы-аккумуляторы
1545024;Холодильники
1551531;Морозильники
1552800;Портативные холодильники
155614567;Минимойки
155615269;Минимойки
155617868;Полив и орошение
155618875;Дождеватели
155619391;Садовые шланги
155656561;Аксессуары для минимоек
155742307;Насосы
155758609;Аксессуары для ремонтной техники
155767435;Пистолеты для полива
156670580;Фотоэпиляторы
156849290;Вспениватели молока
157409198;Сетевые переходники
157409516;Сетевые переходники
158026615;Стилусы
158026771;Стилусы
158028919;Оборудование Powerline
158105066;Садовая мебель
158105474;Столы и кресла
158526848;Надувные кровати
158564792;Аксессуары для надувной мебели
159093691;Дверные звонки
159157837;Супер комплект от Microsoft
159354649;Электроинструмент
159356755;Перфораторы
159398060;Биотуалеты
159399289;Аксессуары для биотуалетов и септиков
159574183;Дрели
159633116;Шуруповерты
159635161;При покупке ноутбука ? Microsoft Office в подарок!
159972187;Рубанки
159976213;Товары для дома, сада и ремонта
159976460;Кемпинг
159976484;Товары для отдыха
159976586;Инструменты
159977905;Аксессуары для дома, сада и ремонта
159978002;Аксессуары для дома, сада и ремонта
16014157;Сэндвич-тостеры
16020487;Настройка компьютерной техники
1613059;Микроволновые печи
1624320;Стиральные машины
1634362;Объективы, оптика, вспышки
1634381;Телескопы
163457791;Шлифовальные машины
16514705;Индукционные варочные панели
1651564;Пылесосы
16525826;Разделочные доски
1667707;MP3-плееры
1669194;Газовые плиты
167192917;Лобзики
1671968;Blu-Ray плееры
1674535;Электрические плиты
1678999;Комбинированные плиты
170173315;Товары для детей и мам
170174108;Игрушки
170175332;Конструкторы
170176478;Интерактивные игрушки
170177521;Школьные товары
170177654;Вышивка и вязание
170180102;Настольные игры и хобби
170180275;Настольные игры
170180611;Декорирование
170181043;Детское оружие
170181404;Роспись и раскрашивание
170182076;Головоломки и антистресс
170183251;Детская электроника
170183426;Радиоуправляемые игрушки
170183480;Другие игрушки
170268524;Игрушечный транспорт
170268692;Коллекционные модели
170816989;Аккумуляторные отвертки
171919004;Садовая техника
171919243;Цепные пилы
171921445;Подгузники
171922681;Влажные салфетки
172261496;Многофункциональный инструмент
172261844;Фрезеры
172262114;Оснастка
172601215;Пилы
172601593;Ручной инструмент
172601851;Наборы ручного инструмента
172712102;Силовая техника
172712311;Генераторы
172733125;Измерительный инструмент
172733353;Лазерные дальномеры
172733822;Игрушки для малышей
172733971;Прорезыватели
172734175;Игрушки для ванны
172734326;Игрушки-каталки
172734578;Мобили
172734739;Книжки-игрушки
172734998;Грузовой и строительный транспорт
173740087;Игровые наборы
173741390;Городские спецслужбы
173742368;Ролевые игры
173791399;Кухня и ресторан
173793680;Мамины помощники
174108313;Наборы электроинструмента
174430742;Умные часы
174492272;Philips ? будь всегда на связи
174507673;Гаджеты
175064030;Умные браслеты
1761560;Контракты
1773456;Все игры
177364945;Фитнес-трекеры
177367340;Развивающие игрушки
177367411;Развивающие коврики, центры
177367550;Игровые и коллекционные фигурки
177367700;Доктор и ветеринар
177367795;Роботы и трансформеры
177414847;Блокирующие и защитные устройства
177414913;Безопасность малыша
177415106;Музыкальные инструменты
177415298;Куклы и аксессуары
177415364;Аксессуары для кукол
177415405;Куклы
177415459;Все для купания
177415568;Губки, мочалки
177415688;Аксессуары для купания
177415711;Ванночки, сиденья, горки
177415849;Аспираторы
177415922;Все для кормления
177416156;Аксессуары для бутылочек
1783016;Софт
178401001;Соски
178402279;Ниблеры
178405801;Пустышки
178406455;Аксессуары для пустышек
178407434;Зубные щетки
178407805;Строители и мастера
178408093;Супермаркет
178430539;Погремушки
178430846;Шпионы
178469587;Уход за кожей  малыша
178533469;Средства для купания ребенка
1785615;Сплит-системы
178589809;Уход за ребенком
178702987;Косметика для ухода за детьми
1793393;Сумки для ноутбуков
1796546;DVD плееры
1798279;Карты РАТ
17991088;Капсульные кофеварки
180070886;Маникюрные наборы, расчески
1803692;DVD-диски
1803693;Фильмы
1805368;DVD рекордеры
1805374;Портативные DVD плееры
1806732;Мобильные кондиционеры
181648334;Внешние аккумуляторы
1819768;Вентиляторы
1821045;Автомобильные телевизоры
1823729;Водонагреватели накопительные
1825179;Водонагреватели проточные
1825624;Домашние кинотеатры
182564695;Витражи
182565919;Товары для мам
182566544;Сумки для мам
182567714;Пеленки
1828056;Внешние жесткие диски
1828886;Сетевое оборудование
1831494;Роутеры
1839809;Музыкальные центры
183999554;Хранение детского питания
184000454;Творчество
184001630;Бутылки для воды и бутербродницы
184002128;Бутылки для воды
184002811;Наборы посуды для ланча
184003759;Уход за полостью рта
184004906;Ватная продукция
184005788;Косметика для беременных и кормящих мам
184006958;Детская защитная косметика
184008044;Аксессуары для молокоотсосов
184205120;Сварочное оборудование
1850535;Мультимедийные проигрыватели
185782110;Лестницы
185784833;Мультиинструменты
185990382;Мебель для детской
186366246;Нагрудники и слюнявчики
186387150;Стульчики для кормления
186495485;Мангалы
186497137;Все для прогулок и поездок
186497273;Коляски
186527553;Аксессуары для колясок
186527702;Автокресла
186527810;Автомобильные аксессуары
186528237;Все для сна
186528285;Аксессуары для кроваток
186528377;Перегородки
186537265;Ходунки, машины-каталки
186537506;Горшки и сиденья
1867539;Сабвуферы
1868219;Ресиверы
186967878;Поделки из бумаги
186968085;Наборы для грима и бодиарта
187175914;Наборы для опытов
187874381;Письменные принадлежности
18790795;Наборы посуды
188050126;Спорт и активный отдых
188196865;Аксессуары к матрасам
188375074;Вязание и макраме
1889140;Акустические системы
1889168;Внешние оптические приводы
1889190;USB-адаптеры
1889572;Blu-Ray диски
190263506;Аксессуары для барбекю
190263638;Кусторезы
1903821;Системы видеонаблюдения
1903826;Готовые комплекты
190419442;Барбекю
190429369;Крепеж
190466081;Компьютерные комплектующие
190466166;Твердотельные накопители SSD
190466377;Коммутаторы
191533762;Проекторы
191543965;Аксессуары для iPhone 6
191968506;Экраны для проекторов
191975650;Снегоуборщики
191977946;Дуги, растяжки, подвески
191978310;Игрушки-сортеры, пирамидки
191982934;Мозаика
191983269;Гравюры и металлопластика
192038437;Кронштейны для проекторов
1923526;Электрические варочные панели
1923561;Газовые варочные панели
192711877;Все для сада
192711961;Защита в саду
192713190;Садовые перчатки
192716786;Рулетки и мерные ленты
1927230;Веб-камеры
1927231;Компьютерные колонки
1927234;Графические планшеты
1927246;Радио и DECT телефоны
19288646;Электрогрили
1929753;Камеры
193130614;Поильники
193130934;Бутылочки
1931555;Аксессуары для фото и видео
1931566;Чехлы и сумки для фотоаппаратов
1931568;Чехлы и сумки для видеокамер
1931592;Видеокассеты
193164750;Лазерные уровни
193169533;Детекторы
193226042;Столовые приборы для новорожденных
193226246;Посуда для новорожденных
1934169;Муляжи
1934187;Аксессуары для систем видеонаблюдения
194013341;Аксессуары для гаджетов
1941309;Карты памяти
1941791;Карты памяти
1941827;Карты памяти
1941835;Карты памяти
1946955;Электрические духовые шкафы
195867797;Прочее
246963734;Распродажа автокресел
198969374;Тепловые пушки
199031223;Тумбы, кронштейны, экраны
199033144;Элементы питания
199033148;Информационные носители
199074159;Диски CD/DVD
199074963;Спутниковое, цифровое, кабельное ТВ
199077647;Зарядные устройства
199090507;Портативная акустика
199091876;Средства для ухода за электроникой
199103860;Гаджеты
199107387;Слинги и рюкзаки
199745540;Электропитание
199745987;Электропитание
199746288;Аксессуары для планшетов
199746919;Аксессуары для планшетов
199749600;Карты памяти
199749784;Наушники
199749943;Беспроводные гарнитуры
199750147;Дата-кабели
199750160;Портативная акустика
199750211;Стилусы
199750239;Средства для ухода за электроникой
199780720;Активные игры для детей
199782027;Конструкторы Lego
199952744;Информационные носители
1119582;Телевизоры, аудио, видео
200042164;Объективы, оптика, вспышки
200140504;Фоторамки
200200067;Цифровые фоторамки
200380911;Элементы питания
200539040;Прочее
1119624;DVD, Blu-Ray, Видео
202786024;Разделочные доски
202786191;Электропитание
202786360;Мебель
202786584;Системы видеонаблюдения
202789919;Инструменты
202921995;Компьютерные аксессуары
202922216;Компьютерные мыши
202922263;Сумки для ноутбуков
202922320;Компьютерные колонки
202922335;Информационные носители
202922384;Клавиатуры и комплекты
202922399;Клавиатуры
202922415;Комплекты клавиатура+мышь
202922435;Коврики для мыши
202922472;Веб-камеры
202922495;Мебель
202922531;Электропитание
202922583;Подставки для ноутбуков
202922687;Роутеры
202922828;Компьютерные гарнитуры
202922859;Наушники
202923171;Микрофоны
202923191;Системы видеонаблюдения
202923251;Средства для ухода за электроникой
202923540;Внешние устройства
202923583;Игровые манипуляторы
1119633;Автомобильная электроника
1120000;Чейнджеры
2036395;Точки доступа
2036564;Карт-ридеры
2036662;Blu-Ray диски
1120006;Усилители
1120009;Колонки
1120814;Колонки 10 см
1120817;Колонки 13 см
1120820;Колонки 16 см
1120823;"Колонки 6x9"""
1120826;Сабвуферы
204557628;Welly
204557815;Fisher Price
1119639;Портативное аудио
1120872;Магнитолы с CD
1120875;Магнитолы
1120033;Радио
1120036;Часы с радио
1119642;Hi-Fi аппаратура
206760556;Защитные стекла для телефонов
206761928;Защитные стекла для планшетов
1120060;Синтезаторы
207052607;Держатели для планшетов
207053247;Держатели для телефонов
207151391;Процессоры
1119648;Тумбы, кронштейны, экраны
1120063;Тумбы и стойки для телевизоров
1120066;Кронштейны для телевизоров
1120829;Другие размеры
1121631;Чехлы для MP3 плееров
1121661;Магнитолы с USB
1121685;Аксессуары для игровых приставок
210483640;Видеокарты
210520736;Оперативная память
210778636;Системы охлаждения
211949047;Блоки питания
211962383;Материнские платы
212198883;Корпуса
212370196;Оптические приводы
213302871;Ящики и сумки для инструментов
214315640;Фейерверки
215497940;Угломеры и уклономеры
215635743;Парикмахерская
215686211;Краскопульты
216469247;Инфракрасные и контактные измерители
216480475;Садовый декор
216480903;Кашпо и горшки
216481092;Кормушки и скворечники
216481260;Украшения для домов
216481411;Баки для воды, ведра, лейки
217247880;Электромобили
217256368;Подарочные карты
217256651;Подарочные карты
217256756;Подарочные карты
217256836;Подарочные карты
217256900;Подарочные карты
217257007;Подарочные карты
217257040;Подарочные карты
217257184;Подарочные карты
217257312;Подарочные карты
217257615;Подарочные карты
217257864;Подарочные карты
217261096;Садовый инвентарь
217261696;Топоры и колуны
217904168;Сучкорезы
217904495;Секаторы
217904688;Грабли
217904923;Вилы
217905952;Лопаты
217927167;Проводные гарнитуры
218396487;Скидка до 30% на домашние кинотеатры, при покупке с ТВ Samsung
218399312;Подарки от Delonghi
219154535;Фигуры и стикеры
219355159;Фонари садовые
219622108;Печи и камины
219642951;Печи
219779343;Аксессуары для печей и каминов
219799796;Стабилизаторы напряжения
219838300;Спутниковое, цифровое, кабельное ТВ
219838548;Спутниковое ТВ
219838695;Кабельное ТВ
219838751;Цифровое ТВ
219851276;Газонокосилки
219893928;Садовые пылесосы
219929040;Триммеры и косы
2206630;Кабели и переходники
2206637;Кабели для видео
2206646;Переходники и адаптеры для видео
223043992;Уход за растениями
223385752;Скидки на технику для дома и кухни
223549108;Аксессуары для садовой техники
224248811;Ящики для цветов
224249247;Ограждения и дорожки
224249988;Арки и поддержки для растений
224251159;Ножницы
224271895;Мелкий садовый инвентарь
224734568;Коннекторы
224745080;Катушки и тележки для шлангов
2247559;Электронные книги
224778892;Смартфоны SAMSUNG Galaxy A-series
224780115;Рюкзаки, ранцы, сумки
224783255;Опрыскиватели
22564262;Портативная акустика
22572995;Отпариватели
22611329;Пароочистители
226349476;Металлоискатели
228214728;Мягкие игрушки
228254656;Аксессуары для пикника
228255999;Пазлы
228854975;Антенные кабели и адаптеры
229261548;Парники и теплицы
229261683;Все для рассады
229306395;Системы полива
2293131;Цифровые фоторамки
229323056;Шарнирно-губцевый инструмент
229358888;Отвертки
2300694;Мультиварки
2301099;Мониторы
230582587;Блоки питания для ноутбуков
230583231;Кулинарные книги
231189792;Лучшие цены на зимние товары для детей
231614352;Блоки питания для ноутбуков
231654624;Все для пеленания
231654643;Пеленальные столики
23174572;Музыкальные инструменты
23175311;Музыкальные инструменты
23180011;DJ-контроллеры
23209580;Игрушки
23214088;Радиоуправляемые игрушки
232516040;Автокресла
232516999;Ключи
232549279;Все для бани
233965528;Пилы, ножовки, лобзики
234789923;Качели и гамаки
235226124;Мангалы и барбекю
235237307;Бассейны
235919859;Аксессуары для плавания
237875372;Детские автокресла
241402600;Легковые машинки
241404524;Летние игры для детей
241404920;Детские велосипеды
241405228;Спортивные игры для детей
241508056;Стиральные машины Gorenje Simplicity
241508072;Водонагреватели Gorenje Simplicity
241508104;Вытяжки Gorenje Simplicity
241508164;Электрические духовые шкафы Gorenje Simplicity
241508188;Варочные панели Gorenje Simplicity
241508216;Встраиваемые посудомоечные машины Gorenje Simplicity
241508247;Холодильники Gorenje Simplicity
241509400;Аксессуары для бассейнов
242140247;Умные весы
243979379;Жаркие цены к летнему сезону
244026103;Распродажа мелкой бытовой техники
246768562;Скидка 10% на инновационные комбинированные кресла Cybex
251979028;Распродажа аксессуаров
246961428;Неваляшки и юлы
248176923;Аксессуары для плит
248177043;Аксессуары для плит
248177223;Аксессуары для кондиционеров 
248249439;Аксессуары для кондиционеров
248348851;Аксессуары для швейных машин
248894787;Аксессуары для швейных машин
249417495;Распродажа детских товаров
249490523;Детские самокаты и ролики-накладки
1120012;Аксессуары для автотехники
250118275;Кофе в капсулах
250118295;Кофе в зернах и молотый
1120833;Антенны
1120836;Кабели/Переходники
1120839;Другие автоаксессуары
1120842;Автомобильные пылесосы
250755699;Товары для уборки
250989848;Товары для хранения
1119651;Аксессуары для телевизоров, аудио, видео
1120075;Кабели и переходники для видео
1120078;Кабели и переходники для аудио
1120081;Наушники
1120084;ТВ-Антенны
251978063;Tescoma
251978091;Приготовление и обработка еды
251978095;Хранение
251978119;Резка
251978123;Варка, жарка
251978136;Выпечка
251978140;Сервировка
251978144;Детская линия Bambini
251978148;Приготовление напитков
251978155;Изделия для кухонной мебели
251978788;Кухонные принадлежности из нержавеющей стали
251978807;Кухонные принадлежности из благородной древесины
251979992;Кухонные принадлежности из жароупорной пластмассы
251980032;Механические инструменты
251980071;Online
251980080;4Food
251980100;Cleankit
251980108;Octopus
251980120;Кухонные ножи
251980127;Кухонные ножницы
251980140;Блоки для ножей
251980152;Разделочные доски
251980156;Посуда из нержавеющей стали
251980199;Скороварки из нержавеющей стали
251980204;Сковороды с антипригарным покрытием
251980208;Посуда для микроволновой печи
251980216;Крышки
251980228;Формы с антипригарным покрытием
251980243;Формы для духовки фарфоровые
251980244;Жаровни
251980248;Формы силиконовые
251980251;Аксессуары для выпечки
251980259;Изделия из фарфора
251980272;Изделия для приготовления чая и кофе
251980296;Кухонные организаторы металлические
251980307;Monti
251980351;Кофеварки Paloma
251980372;Чайники
251980396;Monte Carlo
251980476;Teo
251980555;Crema
251980572;Allegro
251980839;Delicia
251980864;Формочки Delicia
251980868;Delicia Gold
251980900;Gusto
251980916;Delicia Glass
251980932;Top Silicone
251980944;Delicia
251980964;Прочие аксессуары для выпечки
251980972;Delicia Kids
251981036;Delicia Deco
251981079;Presto
251981104;Home Profi
251981119;Vision
251981140;Bio Exclusive+
251981160;President
251981167;Presto
251981175;Premium
251981188;Advance
251981211;Ecopresto
251981231;I-Premium
251981236;Vitapan
251981263;I-Premium Stone
251981284;Freshbox
251981300;Freshbox Glass
251981312;Стеклянные крышки
251981359;Presto
251981575;Home Profi
251981652;Azza
251981660;Presto
251981683;Cosmo
251982244;Woody
251982268;Presto
251982283;Cosmo
251982288;Home Profi
251982299;Azza
251983195;Товары для уборки
251983220;Товары для хранения
251996707;Кухонные принадлежности
251997024;Ножницы
251998368;Триколор. Установка в подарок.
251998379;Триколор. Установка в подарок.
251998411;Presto
251998632;President
251998671;Vitamino
251998684;Space Tone
251998699;Presto Tone
251998716;Presto Wood
251998739;Woody
251998764;Space Line
251998811;Space Bianco
251998836;Handy
1120087;AV-сендеры
252032291;Крышки
252052151;Аксессуары для кухни
252052764;Подарок от Canon
1120090;Пульты ДУ
1120093;Стойки для CD/DVD
1120096;Футляры для CD
1120099;Сетевые фильтры
25246559;Книги
1120884;Сетевые фильтры
1120887;Источники БП
1120102;Медианосители
1120890;CD
1120893;DVD
1121508;DVD+R/RW
1121511;DVD-R/RW
1121514;DVD-RAM
1120896;Видеокассеты
1121517;Видеокассеты VHS
1121520;Видеокассеты miniDV
1121523;Видеокассеты Video8
1120899;Аудиокассеты
1120911;Чистящие кассеты и средства
1120105;Карты памяти
1120914;Compact Flash
1120917;Memory Stick
1120920;SD
254496668;Дизайнерская коллекция Simplicity от Gorenje
1120923;XD
254501676;Метлы
254501755;Борьба с садовыми вредителями
254502131;Придверные коврики
254533959;Детские товары с подарками
254533995;Игрушки для новорожденных
254533999;Косметика и товары для купания
254534011;Мебель для детской комнаты
254534204;Чехлы для iPad по 199 рублей
254534772;Товары для путешествий с детьми
254543767;Купи моноблок или системный блок и получи планшет в подарок
1120929;Кард-ридеры и адаптеры
1120108;Элементы питания
254725811;Текстиль по выгодным ценам
1120932;Аккумуляторы
1120935;Батарейки
254907668;Подарок при покупке телевизора LG 
1120938;Зарядные устройства
1120941;Сетевые адаптеры
1120902;Минидиски
2552127;МФУ
1120905;Дискеты
1120926;MMC
2554284;Принтеры
2558753;Вытяжки
1120908;Прочие носители
256355304;Распродажа моделей 2014. Автомобильная техника
256355347;Распродажа моделей 2014. Аксессуары
256355355;Распродажа моделей 2014. Игровые приставки
256355363;Распродажа моделей 2014. Компьютерная техника
256355367;Распродажа моделей 2014. Красота и здоровье
256355371;Распродажа моделей 2014. Телевизоры, аудио, видео
256355375;Распродажа моделей 2014. Телефоны и связь
256355379;Распродажа моделей 2014. Техника для дома
256355383;Распродажа моделей 2014. Техника для кухни
256355387;Распродажа моделей 2014. Товары для детей и мам
256355391;Распродажа моделей 2014. Товары для дома, сада и ремонта
256355395;Распродажа моделей 2014. Фото и видеотехника
256355408;Скидки до 50%
1121649;FM-трансмиттеры
1121652;Конденсаторы
1121625;GPS-навигаторы
1121718;iPod
256861391;Товары для ванной
1121721;ЖК телевизоры
256938119;Аксессуары для ванной
256965348;Шторы для ванной
256965368;Коврики для ванной
256966324;Культиваторы
256967360;Игровые приставки Xbox One
256967380;Игровые приставки Xbox 360
256967400;Игровые приставки PlayStation 4
256967404;Игровые приставки PlayStation 3
256967432;Игровые консоли PlayStation Vita
256967448;Игровые консоли PlayStation Portable
256967920;Другие игровые консоли
256969180;Игровые приставки
256986712;Измельчители
256988140;Защита от насекомых
1121724;Плазменные телевизоры
257038467;Коляски
1121727;Кинескопные телевизоры
1121730;LED моноблоки
257710300;Защита от насекомых
2582505;Компьютерные мыши
2582525;Клавиатуры
259010647;Мотопомпы
259654275;Минимойки по лучшим ценам. Скидки до 30%
259657544;Подгузники
259658348;Весенние скидки на мелкую бытовую технику
4341217;Видеорегистраторы
2601807;Игры, софт, развлечения
2601858;Караоке диски
2602659;Факсы
2603741;Техника и товары для кухни
2607493;Электронные книги
2607695;Для стиральных машин
2608679;Электробритвы
2610497;Комплекты клавиатура+мышь
261599692;Braun возвращает деньги
2617134;Фены
2619230;Вытяжки
262654091;Скидка 20% на игровые аксессуары
263932495;Скидка 25% на технику для дома и кухни
263932739;Посуда для сервировки стола
264011720;Штопоры и открывалки
264027164;Установка встраиваемой техники в подарок
264548183;Подгузники, пеленки, салфетки
264601008;Детская косметика и уход
264888219;Apple iPhone 4S в рассрочку
264899271;Хранение игрушек
2658974;Чайники
266189119;Игрушечная железная дорога
266363095;Специальная скидка на детскую мебель
266365143;Кроватки
266366467;Детский транспорт
2664493;Сумки и чехлы
268199952;Игры на воздухе
268200013;Зимние игры
268201760;Дуршлаги и сита
268202122;Подставки под горячее, прихватки
268283392;Все для рисования
268386580;Лепка
270438907;Распродажа посуды Tescoma
270441478;Сушилки, держатели, крючки
270441768;Кофеварки, турки, кувшины
271050792;Тематические клубы
271050868;Эльдодом
271050892;Эльдодети
271050936;Измерительная техника
271050960;Ручные инструменты
271051066;Ручной садовый инструмент
271051102;Товары для дома
271051148;Садовые пилы
271051208;Бассейны и аксессуары к ним
271051243;Матрасы-кровати
271051268;Игрушки для малышей TafToys
271051279;Товары для кухни
271051572;Игрушки для малышей PlayGro
271051724;Детская электроника и товары для кормления
271051772;Игрушечный транспорт
271051980;Косметика
271755672;Пароварки и комбайны
271761175;Игровые аксессуары
271962394;Автомобильные пылесосы
273430932;Игровые гарнитуры
273437600;Геймпады
273441907;Рули
273546451;Джойстики
273664312;Игровые клавиатуры
273672037;Игровые коврики
273672052;Игровые мыши
273672118;Игровые наборы
273692092;Прочее
273694591;Лучшие предложения от Samsung
2767383;Хлебопечки
354570339;Лучшие товары по лучшим ценам
278722084;Текстиль для дома
278722904;Пледы
278746582;Игры
278746872;Игры для PlayStation 4
278746908;Игры для PlayStation 3
278746921;Игры для Xbox One
278746924;Игры для Xbox 360
278746975;Игры для PlayStation Vita
278747004;Игры для PlayStation Portable
278747347;Игры для ПК
278751379;Жаркие цены к летнему сезону
278752333;Гаджеты
278756240;Аксессуары для игровых приставок
279049102;Office 365 Personal за 1 699 рублей
279493930;Аксессуары для PlayStation 4
279494984;Аксессуары для PlayStation 3
279495004;Аксессуары для Xbox One
279495010;Аксессуары для Xbox 360
279495013;Аксессуары для PlayStation Vita
279495043;Аксессуары для PlayStation Portable
2806477;Посудомоечные машины
2809455;Встраиваемые посудомоечные машины
281308032;Игровые клавиатуры
281308040;Игровые коврики
281308044;Игровые мыши
281308048;Игровые гарнитуры
281445796;Кофеварки и кофемашины
281469739;Продукты Apple в рассрочку
281472796;Мультистайлеры
281652816;Банный текстиль
281652908;Декоративные подушки
281653300;Кухонный текстиль
281774103;Подушки
281842564;Покрывала
281865232;Постельное белье
281899883;Скатерти и салфетки
281962176;Халаты
2821729;Встраиваемые холодильники
282249959;Шторы
282250244;Декор для дома
282250560;Свечи и подсвечники
282250647;Декоративные украшения
282250727;Прочие предметы декора
2842396;Мясорубки
2846316;Весы
285145804;RONDELL в подарок
285159135;Скидка на посуду Polaris
285297540;Уход за ребенком
285525896;Отличная цена на мебель
2857711;Блендеры
285856423;Скидки на встраиваемую технику
285858211;Дизайнерская коллекция Classico от Gorenje
285865575;Школьные пеналы
287695352;Скидка 20% на посудомоечные машины
2876988;Встраиваемые стиральные машины
287719159;Скидка для подписчиков на товары для детей
2881088;Кофеварки
2881111;Кухонные комбайны
288423051;Sony с Android TV?
288460112;Чистая выгода
288492308;Комплект Триколор Full HD в подарок при покупке телевизора
289169132;Рассрочка Apple
289706744;Аудио/Видео LG
290358564;Рушим цены 15 июля
2908528;Кухонные весы
2908536;Термопоты
291137234;Одеяла
291184560;Цена, что надо!
2918056;Аксессуары для пылесосов
2918058;Пылесборники
2918512;Для пылесосов
2918564;Фильтры
2918666;Насадки и щетки
2918834;Сковороды, воки
2918919;Ножи
2918931;Кастрюли, ковши, сотейники
2919615;Бытовая химия
2919620;Средства для стирки
2919623;Средства для посудомоечных машин
2920800;Встраиваемые микроволновые печи
2921134;Бытовая химия
2921222;Чистящие средства
2930891;Моющие пылесосы
293135704;Игровые ноутбуки
2932621;Швейные машины
2935095;Щипцы для завивки волос
293811628;Устройства 2 в 1 на windows
294008862;Игровые ноутбуки
294011652;Скидка 10% на подгузники PAMPERS
294014214;Игровые системные блоки
294395876;Скидки до 85%
294726483;Скидка на аксессуары
2953253;Бытовая химия
295332151;Скидка 30% на посуду Vitesse
2957709;Картриджи и тонер для принтеров/МФУ
295911448;Скидка 25% на товары K&M
2960678;Тостеры
2960680;Соковыжималки
296534706;SUHD телевизоры
296615847;Большая распродажа
296616131;Кухонные помощники
296616203;Навстречу приключениям!
296616640;50% на второй товар для детей
296616648;50% на второй товар для дома и сада
29685275;Фотоаппараты моментальной печати
29739917;Картриджи для фотоаппаратов моментальной печати
2983411;Эпиляторы
298426420;Забота от MAMAN
298458094;Трансформеры 2 в 1
298480530;Моноциклы
298482479;Все для караоке_old
298894355;Выбирайте подарки!
298895083;Выбирайте подарки!
298895275;Выбирайте подарки!
1119585;Фото и видео
1120111;Цифровые видеокамеры
1120117;Цифровые фотоаппараты
1120120;Зеркальные фотоаппараты
1119789;Бинокли
301578342;Холодильники LG
301579042;Стиральные машины LG
301579214;Пылесосы LG
301579486;Микроволновые печи LG
301580343;Покупай разумно
301596440;Распродажа цифровой техники
301659435;Скидка 10% на подгузники Huggies
302201410;Аксессуары для селфи
302232224;Устройства 2 в 1 с процессором Intel
302237247;Скидка 20% на внешний аккумулятор при покупке смартфона или планшета
302249571;Старшеклассникам
302249607;Студентам
302249627;Все комплекты
302249635;Все подарки
302278007;Распродажа крупной бытовой техники
304121378;Дизайнерская коллекция Karim Rashid от Gorenje
304200227;Текстиль по выгодным ценам
304231607;Скидка 25% на игровые диски
304231672;Скидка 50% на игровые диски
304865430;Аксессуары для селфи
305001956;Суперцены с доставкой на дом
305049062;Подарочные карты
305053046;Подарочные карты
305059327;Бесплатная экспресс доставка
305060124;Скидка 25% на второй конструктор LEGO
306980398;Проигрыватели виниловых дисков
306984370;Текстиль и декор
306991666;Аксессуары для виниловых проигрывателей
30907132;Беговелы
3092076;3D-очки
309439787;Успей купить по низким ценам
312903680;Набор посуды или сковорода в подарок к индукционной поверхности
312904880;Цифровая техника по суперцене
312928943;Лучшие предложения Intel
313672063;Аксессуары для бани
313672067;Ароматизаторы и масла
313672071;Банные принадлежности
313672075;Наборы для бани
313672087;Купальные принадлежности
313672095;Полотенца и халаты
313769628;Лови момент! Скидки до 50%
314337818;Игровые аксессуары
315520942;При покупке iPad получи iPod бесплатно
315540164;Успей купить! Скидки до 50%
315541571;Больше творчества с Canon
315629272;Получите чистую выгоду!
316113342;Ароматерапия и свечи
316114254;Парфюмерия
316114482;Средства по уходу
316114622;Декоративная косметика
316115258;Ватно-бумажная продукция
316116034;Средства по уходу за волосами
316130858;Аксессуары для макияжа
316130906;Аксессуары для ногтей
316130954;Наборы декоративной косметики
316131006;Средства для макияжа глаз и бровей
316131078;Средства для макияжа губ
316131134;Средства для макияжа лица
316131222;Средства для ногтей
316131402;Аксессуары для волос
3169719;Термосы
317811551;Крупная бытовая техника со скидкой 10% при оплате банковской картой
3183214;Наушники и гарнитуры
319184454;Посуда для сервировки стола
319184706;Товары для хранения
319184778;Товары для уборки
319184838;Бытовая химия
319249804;Аксессуары за 555 рублей
319679808;Скидка 20% на посуду Tefal
319718044;Дарите друг другу улыбки и бонусы
320320411;Скидка на подгузники GOON
32045084;Мороженицы
320513147;Скидка 10% на подгузники Huggies
3205180;Компьютерные гарнитуры
322749652;Fifa 2016
322753055;Скидки в честь запуска Эльдорадо Экспресс
322755883;Скидка 5% по банковской карте
322755887;Скидка 10% по банковской карте
322758939;Суперцены на кофемашины
322762202;Сервировка стола
322762250;Столовые приборы
322762354;Подставки под горячее, прихватки
322786828;Скидка 25% по кодовому слову ?ТЕКСТИЛЬ25?
322860640;Кофемашины Philips в рассрочку
32302276;Средства для ухода за электроникой
323279640;iPhone 6 и iPhone 6 Plus в рассрочку
323280155;iPad mini 4
32329814;Экшн-камеры
323366231;Скидка 40% на комплект Sony
325194799;Распродажа автокресел Cybex
325331914;Товары для кухни
325333938;Аксессуары для кухонной техники
325334010;Аксессуары для кухонной техники
325335851;Товары для осеннего ухода за садом
325740662;Дизайнерская коллекция Starck от Gorenje
325992875;Apple iPhone 6S
326025427;Apple iPhone 6S Plus
326623415;Активные игры
327804199;Распродажа детских товаров
327945274;Косметика по уходу за волосами
327945746;Товары для гигиены
328473702;Уход за полостью рта
328473790;Депиляция и бритье
328473990;Кухонные машины и комбайны
328474230;Блендеры и миксеры
328474502;Чайники и термопоты
328475146;Тостеры и сэндвич-тостеры
328475474;Электрогрили и аэрогрили
328475734;Йогуртницы и мороженицы
329117188;Скидка на пледы
330515452;Осенний бум скидок
330976906;Наушники и гарнитуры
330984550;Аксессуары
331077906;Лопаты для уборки снега
332085594;Кофемашины премиум-класса
333147732;Рассрочка на ноутбуки Apple
336490580;Страшно выгодно
336660366;Сувенирная продукция
336702871;Топ лучших товаров
336920812;Скидка 25% на сумку при покупке ноутбука
337029735;Бритвы Braun
337029895;Эпиляторы Braun
337040096;Скидка 15% на наушники BEATS
337041084;Черная пятница
337041735;Защити свой экран со скидкой 30%
337045555;Аксессуары от 9 рублей
338098198;Встраиваемые духовые шкафы
338150774;Варочные панели
338607122;Выжигание по дереву
338751874;Детские пледы, одеяла, подушки
339565591;Игрушки Hasbro
339659683;Samsung SUHD TV
340126942;Новогодние товары
340150495;50% на вторую упаковку подгузников
340174195;Распродажа моек высокого давления. Скидки 10%
342040192;Скидки до 30% на Vitek и Maxwell
342047760;Подчеркните свой стиль. Скидки до 20%
342052952;Лови момент! Скидки до 40%
342089400;Скидка 10% на холодильники по кодовому слову ХОЛОДИЛЬНИК10
342092691;Скидка 200 рублей на аксессуары и дополнительные товары
342211928;Tefal Expertise. Новое поколение титанового покрытия.
342237302;Полотенца и халаты
342692302;Аксессуары для экшн-камер
342700346;Скатерти и салфетки
34494245;Объективы для профессионалов
345576023;Все для караоке
345576051;Наушники Sennheiser URBANITE
345656716;Суперцена на iPod
345668887;Скидка на аксессуары при покупке игровой техники от MSI
346265651;Скидка 15% на машинки для стрижки волос
346355400;Коллекционные фигурки Star Wars
346355448;Мягкие игрушки Star Wars
346358424;Lego Star Wars
346394534;Чемоданы, сумки, рюкзаки
346395254;Чемоданы
346395518;Сумки
346396786;Рюкзаки
346403052;Черная пятница. Скидки до 80%
346403164;Крупная бытовая техника для дома и кухни
346404052;Для дома, сада и ремонта
346405156;Мелкая бытовая техника для дома и кухни
346405608;Красота и здоровье
346406904;Телевизоры, аудио и автоэлектроника
346407815;Товары для детей и мам
346407879;Аксессуары
346408047;Цифровая техника и электроника
346459720;Текстиль и декор
346460620;Игровые консоли и игры
3476207;3D телевизоры
348364035;Товары для заботливых мам
348364126;Парфюмерия и косметика
348540354;Новогодние товары
348722230;Аксессуары
3500988;Планшеты и компьютеры Apple
351570398;Электробритвы Philips
351572130;Кофемашины Philips и Saeco
351573114;Кухонная техника Philips
351573546;Утюги и отпариватели Philips
351933340;Стиральные машины премиум-класса
351945588;Товары для красоты от Philips
351948726;Аксессуары для принятия ванн и душа
351953768;KitchenAid. Приготовление продуктов.
351953839;KitchenAid. Завтрак и напитки.
351954019;KitchenAid. Обработка продуктов.
352050259;Посуда в подарок
352050275;Блендер в подарок
352053791;Скидка до 20% на мелкую бытовую технику
352056176;Скидка 50% на аксессуары по промокоду МЕГА50
352738507;Скидка 30% на посуду Frybest
353938684;Скидка на аксессуары от Эльдорадо и Microsoft
353941119;Скидка 50% на игры для Sony PSP
356358650;Текстиль и декор
356358760;Распродажа инструментов
356361260;Новогодняя Рассрочка. iPhone
356361264;Новогодняя Рассрочка. iPad
356361280;Новогодняя Рассрочка. iMac
356372751;Скидка 12% по кодовому слову ?12часов?
357795260;Сумки для покупок
357803476;Сумки для путешествий
357808655;Сумки на каждый день
357811999;Сумки твоего стиля
358498940;Скидка для определенной группы потребителей на текстиль
358498944;Скидка для определенной группы потребителей на инструменты
358519086;Стиральные и сушильные машины Miele
358526255;Скидка на игрушку
358527339;Подарки, которые выбирают! Скидка 10% на следующую покупку
358527364;Подарки, которые выбирают! Скидка 15% на следующую покупку
358527368;Подарки, которые выбирают! Скидка 20% на следующую покупку
358587080;Наводим порядок перед Новым годом! Скидки до 25%
358610540;Скидки до 40% на товары для красоты
358665570;Красота и здоровье
358671352;Скидка 10% по кодовому слову ?12часов?
362470699;Технология Optimal Temp 
362472272;Суперхиты на новый год
363098590;Очки виртуальной реальности
363239435;Всё по 777
363247572;Скидка 20% на всё по промокоду ?геймер?
363374323;Выходные с LG
363375620;Скидка 30% на портативную акустику SONY
363998478;Игровые мониторы
363998498;Игровые моноблоки
364002852;Хиты Nania
364661419;День кино. Скидки до 40%
364902703;Новогодняя распродажа
365157536;Лёгкой дороги. Скидки до 40%
365157596;Чудо распродажа. Скидки до 40%
3652328;Док-станции
366833951;С нами теплее
366847475;Телевизоры со скидкой до 20%
367501980;Скидка 25% на аксессуары по промокоду ?АКС25?
3695379;Цифровые фотоаппараты со сменной оптикой
3710967;Планшеты
1119588;Компьютеры, ноутбуки и планшеты
1120177;Ноутбуки
1119678;Оргтехника
40106284;Другие игрушки
1120195;Компактные фотопринтеры
1119681;Сканеры
1119690;Информационные носители
1120216;USB-флешки
1119693;Устройства ввода
1120243;Коврики для мыши
1120255;Джойстики
1120258;Рули
1119702;Мебель
1120264;Компьютерные столы
1120267;Кресла и стулья
1119699;Игровые манипуляторы
1120261;Геймпады
1119684;Копиры
1119786;USB-устройства
4465773;Радар-детекторы
1120222;CD
1120225;DVD
1121061;DVD+R/RW
1121064;DVD-R/RW
1121067;DVD-RAM
4543240;Apple iPhone
1119696;Мультимедиа
1120270;Стойки для CD/DVD
4800374;Ультрабуки
4894309;Йогуртницы
49746037;Соковыжималки SCARLETT
1119570;Техника для дома
1119573;Крупная техника для кухни
1120303;Встраиваемая техника
1121124;Комплекты
1121136;Газовые духовые шкафы
1121151;Прочая встраиваемая техника
1120336;Сушильные машины
1119771;Мелкая техника для кухни
1120360;Утюги и гладильные принадлежности
1121190;Утюги
1121193;Утюги с парогенератором
1121199;Гладильные доски
1121202;Сушки для белья
1120366;Кофеварки и кофемашины
1121214;Кофемашины
1121217;Кофемолки
1120378;Миксеры
1120384;Пароварки
1120390;Фритюрницы
1121229;Мини-печи
1120393;Электромельнички
1120396;Прочая кухонная техника
1121235;Ломтерезки
1121238;Яйцеварки
1121241;Блинницы
1121565;Терки, овощерезки, измельчители
1121568;Эл.открывалки
1120399;Посуда для готовки
1121253;Противни и формы для выпечки
1121256;Стеклянная посуда
1121262;Хранение продуктов
1121265;Столовые приборы
1120405;Уход за вещами
1119774;Товары для здоровья
1121274;Аксессуары для электробритв
1121277;Зубные щетки и центры
1121280;Насадки для зубных щеток
1120417;Укладка волос
1121286;Фен-щетки
1121292;Прочие приборы для укладки волос
1120420;Машинки для стрижки волос и триммеры
1121580;Массажеры для тела
1121583;Массажные ванночки для ног
1121298;Солярии
1120432;Маникюрные наборы
1119777;Климатическая техника
1120438;Кондиционеры
1121307;Оконные кондиционеры
1120444;Обогревательные приборы
1121316;Масляные обогреватели
1121319;Электрические обогреватели
1121322;Тепловентиляторы
1120447;Воздухоочистители
1120450;Увлажнители воздуха
1120453;Водонагреватели
1119780;Инструменты
1120456;Электроинструмент
1120459;Ручной инструмент
1120462;Ящики для инструментов
1120465;Удлинители
1120435;Зеркала
1120423;Приборы для стрижки животных
1121646;Медицинские приборы
1121679;Метеостанции
1121244;Прочее
1119783;Аксессуары для дома
1121334;Для вытяжек
1121337;Для посудомоечных машин
1120507;Цифровые термометры
1121220;Аксессуары для кофеварок
1121196;Аксессуары для утюгов
1120504;Таймеры
1120492;Прочее
1120474;Аксессуары для кухонной техники
1121340;Аксессуары для СВЧ
1121694;Товары для малышей
1121697;Радио- и видеоняни
1121700;Подогреватели для бутылочек
1121703;Стерилизаторы
1121706;Весы
1121709;Ночники
1121712;Термометры
1121715;Увлажнители воздуха
5760797;Стойки для Hi-Fi аппаратуры
5926381;Подставки для ноутбуков
1119591;Телефоны и связь
1119714;Домашние телефоны
1120561;Проводные телефоны
1119720;Радиостанции
1119723;Карты оплаты сотовой связи
1119726;Карты IP-телефонии и интернет
6428423;Веб-камеры для ТВ
6456168;Сушилки для овощей и фруктов
1119711;Аксессуары для телефонов
1120528;Аккумуляторы
1120531;Зарядные устройства
1120534;Зарядные устройства в авто
1120537;Дата-кабели
1120540;Гарнитуры
1121397;Беспроводные
1121400;Проводные
1120543;Адаптеры Bluetooth
1120546;Сумки и чехлы
1120549;Украшения
1121403;Брелки
1121406;Шнурки
1120555;Карты памяти
1121412;Memory Stick
1121415;SD
1121418;XD
1121424;Кард-ридеры и адаптеры
1120564;Аксессуары для домашних телефонов
1121427;Дополнительные трубки
1121430;Аккумуляторы
1121433;Шнуры и штеккеры
1121421;MMC
65554778;Встроенная техника Samsung
1120552;Прочее
1121691;Коммуникаторы
6815047;Нетбуки
6842624;Саундбары
69353911;Аксессуары для увлажнителей и очистителей воздуха
69391843;Аксессуары для увлажнителей и очистителей воздуха
1119732;Факсы
1120600;Термо факсы
1120603;Лазерные факсы
1120651;Бумага для факсов
1120618;Картриджи для факсов
1120630;Калькуляторы
1120633;Диктофоны
1119753;Бумага
1120648;Бумага для принтеров
1119756;Светильники
1119759;Док-станции
7135340;Чехлы для планшетов
74199571;Посуда для детей
1120606;Бумага для факса
80262907;IP-камеры
81616838;Ударные скидки
86394662;Лучшая климатическая техника
8682508;Наушники
87632891;Утилизация
8902790;Наушники
